id,author,category,keywords,parentcatid,parentcatcode,parentcatname,parentcatslug,provider,pubDate,status,subcategoryid,subcategorycode,subcategoryname,subcategoryparentid,subcategoryparentcode,subcategoryparentname,subcategoryparentslug,subcategoryslug,title,topic,url
5a48df90670c7645a286b3bb,Katie Roof,"Technology,Mobile","Apps, App, Video, done, 8fit, techcrunch, TC",5a42ed6e527d3d240b8140e4,IAB19,Technology,technology,techcrunch,1514697414000,classified,5a4468486f7af13a5a457c60,IAB19-67,Mobile,5a42ed6e527d3d240b8140e4,IAB19,Technology,technology,mobile,These apps will help you keep your New Year's resolutions,All,http://feedproxy.google.com/~r/Techcrunch/~3/HjDR70okdQA/
5a48df90670c7645a286b3bc,Ron Miller,"Technology,Data Centers","Cloud, Enterprise, Year End 2017, hyperscale data centers",5a42ed6e527d3d240b8140e4,IAB19,Technology,technology,techcrunch,1514668080000,classified,5a4468486f7af13a5a457c2d,IAB19-11,Data Centers,5a42ed6e527d3d240b8140e4,IAB19,Technology,technology,Data_Centers,Hyperscale data centers reached over 390 worldwide in 2017,All,http://feedproxy.google.com/~r/Techcrunch/~3/28bWdjRNxyU/
5a48df90670c7645a286b3c4,Brian Heater,"Technology,Apple","Hardware, Mobile, Apple, iPhone, battery",5a42ed6e527d3d240b8140e4,IAB19,Technology,technology,techcrunch,1514650394000,classified,5a4468486f7af13a5a457c6d,IAB19-74,Apple,5a42ed6e527d3d240b8140e4,IAB19,Technology,technology,apple,Apple's $29 iPhone battery replacements are available starting today,All,http://feedproxy.google.com/~r/Techcrunch/~3/wEyXE8ziK_0/
5a48e006670c7645a286b3cf,Andrea Valdez,Business,,5a42ed6e527d3d240b8140d4,IAB3,Business,business,wired,1514386800000,classified,,,,,,,,,The Most-read WIRED Business Stories of 2017,Business,https://www.wired.com/story/most-read-wired-business-stories-2017
5a48e006670c7645a286b3d0,Tom Simonite,Business,"algorithms, machine learning, artificial intelligence",5a42ed6e527d3d240b8140d4,IAB3,Business,business,wired,1514296800000,classified,,,,,,,,,2017 Was The Year We Fell Out of Love with Algorithms,Business,https://www.wired.com/story/2017-was-the-year-we-fell-out-of-love-with-algorithms
5a48e006670c7645a286b3d1,Andrea Powell,Business,"startups, venture capital, VCs",5a42ed6e527d3d240b8140d4,IAB3,Business,business,wired,1514210400000,classified,,,,,,,,,On-Demand Storage Services for Your Junk,Business,https://www.wired.com/story/on-demand-storage-services-for-your-junk
5a48e006670c7645a286b3d2,Susan Wu,"Business, Opinion","Facebook, google, Twitter, ethics, election 2016",5a42ed6e527d3d240b8140d4,IAB3,Business,business,wired,1514206800000,classified,,,,,,,,,Time for Tech Firms to Take Responsibility for the Havoc They Wrought in 2017,Business,https://www.wired.com/story/its-time-for-innovators-to-take-responsibility-for-their-creations
5a48e006670c7645a286b3d3,Graham Starr,Business,"facebook, russia, 2016 election",5a42ed6e527d3d240b8140d4,IAB3,Business,business,wired,1513984277000,classified,,,,,,,,,Did You Like or Follow Facebook Pages from a Russian Troll Farm?,Business,https://www.wired.com/story/did-you-like-or-follow-facebook-pages-from-a-russian-troll-farm
5a48e006670c7645a286b3d4,Steven Levy,Business,"eric schmidt, google, alphabet, larry page, sergey brin",5a42ed6e527d3d240b8140d4,IAB3,Business,business,wired,1513969315000,classified,,,,,,,,,"At Google, Eric Schmidt Wrote the Book on Adult Supervision",Business,https://www.wired.com/story/at-google-eric-schmidt-wrote-the-book-on-adult-supervision
5a48e006670c7645a286b3d5,Klint Finley,Business,"slack, microsoft, atlassian, chat, instant messaging",5a42ed6e527d3d240b8140d4,IAB3,Business,business,wired,1513947600000,classified,,,,,,,,,Why Workplace Instant Messaging Is Hot Again,Business,https://www.wired.com/story/why-workplace-instant-messaging-is-hot-again
5a48e006670c7645a286b3d6,Klint Finley,Business,"net neutrality, 2018 election, fcc",5a42ed6e527d3d240b8140d4,IAB3,Business,business,wired,1513861200000,classified,,,,,,,,,Why Net Neutrality Will Be a Campaign Issue in 2018,Business,https://www.wired.com/story/why-net-neutrality-will-be-a-campaign-issue-in-2018
5a48e006670c7645a286b3d7,David Kline,Business,"xiaomi, smartphones, china",5a42ed6e527d3d240b8140d4,IAB3,Business,business,wired,1513944000000,classified,,,,,,,,,Behind the Fall and Rise of China's Xiaomi,Business,https://www.wired.com/story/behind-the-fall-and-rise-of-china-xiaomi
5a48e006670c7645a286b3d8,Tom Simonite,Business,"artificial intelligence, machine learning, Self-Driving Cars",5a42ed6e527d3d240b8140d4,IAB3,Business,business,wired,1513857600000,classified,,,,,,,,,"As Artificial Intelligence Advances, Here Are Five Tough Projects for 2018",Business,https://www.wired.com/story/as-artificial-intelligence-advances-here-are-five-projects-for-2018
5a48e041670c7645a286b3d9,Jessi Hempel,Business,"Magic Leap, augmented reality",5a42ed6e527d3d240b8140d4,IAB3,Business,business,wired,1513816476000,classified,,,,,,,,,It's Time to Take Magic Leap Seriously,Business,https://www.wired.com/story/its-time-to-take-magic-leap-seriously
5a48e041670c7645a286b3da,Olaf J. Groth ,"Business, Opinion","Congress, Taxes, Artificial Intelligence, robots, machine learning, economics",5a42ed6e527d3d240b8140d4,IAB3,Business,business,wired,1513774800000,classified,,,,,,,,,"Sorry, Congress: Your Tax Bill Won't Create the Jobs of the Future",Business,https://www.wired.com/story/sorry-congress-the-tax-bill-wont-create-the-jobs-of-the-future
5a48e041670c7645a286b3db,Zachary Karabell,Business,"net neutrality, telecoms, internet companies, google, netflix, amazon, verizon, at&t, comcast",5a42ed6e527d3d240b8140d4,IAB3,Business,business,wired,1513771200000,classified,,,,,,,,,Why Tech Giants and Telecoms Should Join to Build an Internet for All,Business,https://www.wired.com/story/why-tech-giants-and-telecoms-should-join-to-build-an-internet-for-all
5a48e041670c7645a286b3dc,Erin Griffith,Business,"venture capital, Artificial Intelligence, blockchain, voice assistants",5a42ed6e527d3d240b8140d4,IAB3,Business,business,wired,1513767600000,classified,,,,,,,,,"Where VC's Will Invest in 2018: Blockchain, AI, Voice, Pets",Business,https://www.wired.com/story/where-vcs-will-invest-in-2018-blockchain-ai-voice-pets
5a48e041670c7645a286b3dd,Erin Griffith,Business,"wework, incubator, startups",5a42ed6e527d3d240b8140d4,IAB3,Business,business,wired,1513598400000,classified,,,,,,,,,WeWork's New Startup Incubator Promises 'Fertile Paradise',Business,https://www.wired.com/story/weworks-new-startup-incubator-promises-fertile-paradise
5a48e041670c7645a286b3de,Clive Thompson,Business,"augmented reality, learning, YouTube",5a42ed6e527d3d240b8140d4,IAB3,Business,business,wired,1513699200000,classified,,,,,,,,,Augmented Reality's Real Power Will Be Helping With Everyday Tasks,Business,https://www.wired.com/story/augmented-realitys-real-power-will-come-from-substance-not-flash
5a48e041670c7645a286b3df,Tom Simonite,Business,"facebook, facial recognition, artificial intelligence, social media",5a42ed6e527d3d240b8140d4,IAB3,Business,business,wired,1513701000000,classified,,,,,,,,,"Facebook Can Now Find Your Face, Even When It's Not Tagged",Business,https://www.wired.com/story/facebook-will-find-your-face-even-when-its-not-tagged
5a48e042670c7645a286b3e0,Lauren Smiley,Business,"magazine-26.01, healthcare, technology, aging",5a42ed6e527d3d240b8140d4,IAB3,Business,business,wired,1513681200000,classified,,,,,,,,,What Happens When We Let Tech Care For Our Aging Parents,Business,https://www.wired.com/story/digital-puppy-seniors-nursing-homes
5a48e042670c7645a286b3e1,Jon Marcus,Business,"higher education, technology, jobs",5a42ed6e527d3d240b8140d4,IAB3,Business,business,wired,1513594800000,classified,,,,,,,,,"Impatient With Colleges, Employers Design Their Own Courses",Business,https://www.wired.com/story/impatient-with-colleges-employers-design-their-own-courses
5a48e042670c7645a286b3e2,Nitasha Tiku,Business,"sexual harassment, arbitration, microsoft",5a42ed6e527d3d240b8140d4,IAB3,Business,business,wired,1513723881000,classified,,,,,,,,,"Microsoft Lifts Secrecy Veil in Harassment Cases, Will Others Follow?",Business,https://www.wired.com/story/microsoft-lifts-secrecy-veil-in-harassment-cases-will-others-follow
5a48e0f7670c7645a286b3f7,,,,5a42ed6e527d3d240b8140d4,IAB3,Business,business,MIT Technology Review,1514628000000,classified,,,,,,,,,"The Best of the Physics arXiv (week ending December 30, 2017)",Business,https://www.technologyreview.com/s/609863/the-best-of-the-physics-arxiv-week-ending-december-30-2017/
5a48e0f7670c7645a286b3f8,,,,5a42ed6e527d3d240b8140d4,IAB3,Business,business,MIT Technology Review,1514523600000,classified,,,,,,,,,Best Online Classes for Job Skills,Business,https://www.technologyreview.com/s/609636/best-online-classes-for-job-skills/
5a48e0f7670c7645a286b3f9,,,,5a42ed6e527d3d240b8140d4,IAB3,Business,business,MIT Technology Review,1514437200000,classified,,,,,,,,,The Five Most Amazing Things That Were 3-D-Printed This Year,Business,https://www.technologyreview.com/s/609634/the-five-most-amazing-things-that-were-3-d-printed-this-year/
5a48e0f7670c7645a286b3fa,,,,5a42ed6e527d3d240b8140d4,IAB3,Business,business,MIT Technology Review,1513947600000,classified,,,,,,,,,Physicists Demonstrate How to Reverse of the Arrow of Time,Business,https://www.technologyreview.com/s/609788/physicists-demonstrate-how-to-reverse-of-the-arrow-of-time/
5a48e0f7670c7645a286b3fb,,,,5a42ed6e527d3d240b8140d4,IAB3,Business,business,MIT Technology Review,1513418400000,classified,,,,,,,,,"The Best of the Physics arXiv (week ending December 16, 2017)",Business,https://www.technologyreview.com/s/609761/the-best-of-the-physics-arxiv-week-ending-december-16-2017/
5a48e0f7670c7645a286b3fc,,,,5a42ed6e527d3d240b8140d4,IAB3,Business,business,MIT Technology Review,1513314000000,classified,,,,,,,,,Roomba to Rule the Smart Home,Business,https://www.technologyreview.com/s/609764/roomba-to-rule-the-smart-home/
5a48e0f7670c7645a286b3fd,,,,5a42ed6e527d3d240b8140d4,IAB3,Business,business,MIT Technology Review,1513206360000,classified,,,,,,,,,Data Mining Reveals the Way Humans Evaluate Each Other,Business,https://www.technologyreview.com/s/609760/data-mining-reveals-the-way-humans-evaluate-each-other/
5a48e0f7670c7645a286b3fe,,,,5a42ed6e527d3d240b8140d4,IAB3,Business,business,MIT Technology Review,1514034000000,classified,,,,,,,,,"The Best of the Physics arXiv (week ending December 23, 2017)",Business,https://www.technologyreview.com/s/609794/the-best-of-the-physics-arxiv-week-ending-december-23-2017/
5a48e0f7670c7645a286b3ff,,,,5a42ed6e527d3d240b8140d4,IAB3,Business,business,MIT Technology Review,1514264400000,classified,,,,,,,,,Silicon Valley's 2017 Report Card,Business,https://www.technologyreview.com/s/609628/silicon-valleys-2017-report-card/
5a48e0f7670c7645a286b400,,,,5a42ed6e527d3d240b8140d4,IAB3,Business,business,MIT Technology Review,1513774800000,classified,,,,,,,,,Europe Unveils Its Vision for a Quantum Future,Business,https://www.technologyreview.com/s/609793/europe-unveils-its-vision-for-a-quantum-future/
5a48e132670c7645a286b401,,,,5a42ed6e527d3d240b8140d4,IAB3,Business,business,MIT Technology Review,1511815800000,classified,,,,,,,,,How Reuters's Revolutionary AI System Gathers Global News,Business,https://www.technologyreview.com/s/609558/how-reuterss-revolutionary-ai-system-gathers-global-news/
5a48e132670c7645a286b402,,,,5a42ed6e527d3d240b8140d4,IAB3,Business,business,MIT Technology Review,1511313120000,classified,,,,,,,,,Uber Paid Off Hackers to Hide Massive Data Breach,Business,https://www.technologyreview.com/s/609539/uber-paid-off-hackers-to-hide-massive-data-breach/
5a48e132670c7645a286b403,,,,5a42ed6e527d3d240b8140d4,IAB3,Business,business,MIT Technology Review,1512154320000,classified,,,,,,,,,"Lenses Are Being Reinvented, and Cameras Will Never Be the Same",Business,https://www.technologyreview.com/s/609615/physicists-are-reinventing-the-lens-and-imaging-will-never-be-the-same/
5a48e132670c7645a286b405,,,,5a42ed6e527d3d240b8140d4,IAB3,Business,business,MIT Technology Review,1510778940000,classified,,,,,,,,,IBM Watson Video Series - Watson Data Platform,Business,https://www.technologyreview.com/s/609490/ibm-watson-video-series-watson-data-platform/
5a48e132670c7645a286b404,,,,5a42ed6e527d3d240b8140d4,IAB3,Business,business,MIT Technology Review,1512813600000,classified,,,,,,,,,"The Best of the Physics arXiv (week ending December 9, 2017)",Business,https://www.technologyreview.com/s/609711/the-best-of-the-physics-arxiv-week-ending-december-9-2017/
5a48e132670c7645a286b406,,,,5a42ed6e527d3d240b8140d4,IAB3,Business,business,MIT Technology Review,1513066620000,classified,,,,,,,,,"When AI Supplies the Sound in Video Clips, Humans Can't Tell the Difference",Business,https://www.technologyreview.com/s/609751/when-ai-supplies-the-sound-in-video-clips-humans-cant-tell-the-difference/
5a48e132670c7645a286b407,,,,5a42ed6e527d3d240b8140d4,IAB3,Business,business,MIT Technology Review,1511604000000,classified,,,,,,,,,"The Best of the Physics arXiv (week ending November 25, 2017)",Business,https://www.technologyreview.com/s/609559/the-best-of-the-physics-arxiv-week-ending-november-25-2017/
5a48e132670c7645a286b408,,,,5a42ed6e527d3d240b8140d4,IAB3,Business,business,MIT Technology Review,1512208800000,classified,,,,,,,,,"The Best of the Physics arXiv (week ending December 2, 2017)",Business,https://www.technologyreview.com/s/609616/the-best-of-the-physics-arxiv-week-ending-december-2-2017/
5a48e132670c7645a286b409,,,,5a42ed6e527d3d240b8140d4,IAB3,Business,business,MIT Technology Review,1510999200000,classified,,,,,,,,,"The Best of the Physics arXiv (week ending November 18, 2017)",Business,https://www.technologyreview.com/s/609504/the-best-of-the-physics-arxiv-week-ending-november-18-2017/
5a48e132670c7645a286b40a,,,,5a42ed6e527d3d240b8140d4,IAB3,Business,business,MIT Technology Review,1512622800000,classified,,,,,,,,,Behind South Korea's Cryptocurrency Boom,Business,https://www.technologyreview.com/s/609561/behind-south-koreas-cryptocurrency-boom/
5a48e16f670c7645a286b40c,Jon Fingas,"Technology,Gaming","games, gaming, gear, internet, ios, ipad, iphone, microsoft, mobile, partychat, videogames, xbox, xboxlive, xboxone",5a42ed6e527d3d240b8140e4,IAB19,Technology,technology,Engadget,1514652360000,classified,5a4468486f7af13a5a457c67,IAB19-68,Gaming,5a42ed6e527d3d240b8140e4,IAB19,Technology,technology,gaming,Xbox party chat arrives on iOS in beta,Technology,https://www.engadget.com/2017/12/30/xbox-party-chat-ios-beta/
5a48e16f670c7645a286b40d,Jon Fingas,"Technology,Apple","apple, battery, gear, iphone, iphone6, iphone6plus, iphone6s, iphone6splus, mobile, smartphone",5a42ed6e527d3d240b8140e4,IAB19,Technology,technology,Engadget,1514663220000,classified,5a4468486f7af13a5a457c6d,IAB19-74,Apple,5a42ed6e527d3d240b8140e4,IAB19,Technology,technology,apple,Apple's $29 iPhone battery replacements are available a month early,Technology,https://www.engadget.com/2017/12/30/apple-29-iphone-battery-replacements-already-available/
5a48e16f670c7645a286b40e,Jon Fingas,"News,Technology News","censorship, chat, free speech, gear, internet, iran, messaging, politics, protest, telegram",5a42ed6e527d3d240b8140ea,IAB12,News,news,Engadget,1514679600000,classified,5a4b39e40978e16b1b883b98,IAB12-10,Technology News,5a42ed6e527d3d240b8140ea,IAB12,News,news,technology_news,Telegram suspends channel for encouraging violent Iran protests,Technology,https://www.engadget.com/2017/12/30/telegram-suspends-channel-over-violent-iran-protests/
5a48e16f670c7645a286b40f,Jon Fingas,"News,US News","crime, distracted driving, florida, gear, government, law, mobile, politics, texting while driving, transportation",5a42ed6e527d3d240b8140ea,IAB12,News,news,Engadget,1514674200000,classified,5a44d8eb527d3d3ad9df95ba,IAB12-2,US News,5a42ed6e527d3d240b8140ea,IAB12,News,news,us_news,Florida may finally implement full ban on texting while driving,Technology,https://www.engadget.com/2017/12/30/florida-may-treat-texting-while-driving-as-offense/
5a48e16f670c7645a286b410,Jon Fingas,"News,US News","anthony weiner, department of state, email, foia, freedom of information act, gear, hillary clinton, humaabedin, internet, judicial watch, politics",5a42ed6e527d3d240b8140ea,IAB12,News,news,Engadget,1514657880000,classified,5a44d8eb527d3d3ad9df95ba,IAB12-2,US News,5a42ed6e527d3d240b8140ea,IAB12,News,news,us_news,State Department releases emails from Clinton aide Huma Abedin,Technology,https://www.engadget.com/2017/12/30/state-department-releases-huma-abedin-emails/
5a48e16f670c7645a286b40b,Mariella Moon,"bitcoin, crime, cryptocurrency, gear, internet, kidnapping",,5a42ed6e527d3d240b8140e4,IAB19,Technology,technology,Engadget,1514668740000,classified,,,,,,,,,Cryptocurrency expert kidnapped for $1 million bitcoin ransom,Technology,https://www.engadget.com/2017/12/30/cryptocurrency-expert-kidnap-1-million-bitcoin/
5a48e16f670c7645a286b412,Mariella Moon,"datingapp, gear, internet, okcupid, realname, tinder",,5a42ed6e527d3d240b8140e4,IAB19,Technology,technology,Engadget,1514690280000,classified,,,,,,,,,OkCupid's 'real' name push isn't sitting well with users,Technology,https://www.engadget.com/2017/12/30/okcupids-real-name-push-isnt-sitting-well-with-users/
5a48e16f670c7645a286b413,Jon Fingas,"censorship, congo, democraticrepublicofcongo, gear, government, internet, josephkabila, mobile, politics, protest, sms",,5a42ed6e527d3d240b8140e4,IAB19,Technology,technology,Engadget,1514696100000,classified,,,,,,,,,Congo orders cuts to internet and SMS to stifle protests,Technology,https://www.engadget.com/2017/12/30/congo-orders-cuts-to-internet-and-sms/
5a48e16f670c7645a286b414,element14,"Technology,Gaming","atari, atari dragster, av, ben heck, ben heck show, diy, do it yourself, do it yourself, element14, gaming, gear, partner, syndicated, the ben heck show, video",5a42ed6e527d3d240b8140e4,IAB19,Technology,technology,Engadget,1514718900000,classified,5a4468486f7af13a5a457c67,IAB19-68,Gaming,5a42ed6e527d3d240b8140e4,IAB19,Technology,technology,gaming,Ben Heck's Atari Dragster: Testing the world record,Technology,https://www.engadget.com/2017/12/31/ben-hecks-atari-dragster-testing-the-world-record/
5a48e1aa670c7645a286b416,Jon Fingas,"blackmirror, charliebrooker, eksisozluk, entertainment, internet, netflix, services, socialnetwork, socialnetworking, turkey",,5a42ed6e527d3d240b8140e4,IAB19,Technology,technology,Engadget,1514582400000,classified,,,,,,,,,"Maybe private 'Black Mirror' messages weren't a good idea, Netflix",Technology,https://www.engadget.com/2017/12/29/maybe-private-black-mirror-messages-werent-a-good-idea-netfl/
5a48e1aa670c7645a286b417,Richard Lawler,"andrewfinch, breaking news, callofduty, gaming, internet, lapd, swatting, swautistic, tylerbarriss, wichita",,5a42ed6e527d3d240b8140e4,IAB19,Technology,technology,Engadget,1514619540000,classified,,,,,,,,,LAPD arrested a 25-year-old suspect in Wichita 'swatting' case,Technology,https://www.engadget.com/2017/12/30/lapd-arrest-swatting-wichita/
5a48e1aa670c7645a286b418,Richard Lawler,"adwords, amazon, birkenstock, business, court, fashion, gear, germany, internet, ruling, shoes",,5a42ed6e527d3d240b8140e4,IAB19,Technology,technology,Engadget,1514635980000,classified,,,,,,,,,Birkenstock vs. Amazon feud extends to search typos,Technology,https://www.engadget.com/2017/12/30/birkenstock-vs-amazon/
5a48e1aa670c7645a286b419,Mallory Locklear,"business, chipotle, creditcard, databreach, forever21, gamestop, gear, hack, hei, malware, security, services",,5a42ed6e527d3d240b8140e4,IAB19,Technology,technology,Engadget,1514585100000,classified,,,,,,,,,Forever 21 breach exposed customer credit card info for months,Technology,https://www.engadget.com/2017/12/29/forever-21-breach-exposed-credit-card-info-months/
5a48e1aa670c7645a286b415,Mallory Locklear,"5g, at&t, att, band14, broadband, firstnet, firstrespondernetworkauthority, firstresponders, gear, internet, lte, publicsafety, services",,5a42ed6e527d3d240b8140e4,IAB19,Technology,technology,Engadget,1514579640000,classified,,,,,,,,,All 50 states opt in to AT&T's FirstNet public safety network,Technology,https://www.engadget.com/2017/12/29/50-states-opt-in-att-firstnet-public-safety-network/
5a48e1aa670c7645a286b41b,Richard Lawler,"entertainment, gadgetry, gadgets, gaming, gear, themorningafter",,5a42ed6e527d3d240b8140e4,IAB19,Technology,technology,Engadget,1514641500000,classified,,,,,,,,,The Morning After: Weekend Edition,Technology,https://www.engadget.com/2017/12/30/the-morning-after-weekend-edition/
5a48e1aa670c7645a286b41c,Mallory Locklear,"3dimaging, art, artconservation, artrestoration, gear, georgiaokeeffe, tomorrow",,5a42ed6e527d3d240b8140e4,IAB19,Technology,technology,Engadget,1514594760000,classified,,,,,,,,,Experts will use 3D imaging technology to assess art damage,Technology,https://www.engadget.com/2017/12/29/3d-imaging-damage-georgia-okeeffe-paintings/
5a48e1aa670c7645a286b41a,Mallory Locklear,"av, bombthreat, callofduty, gaming, gear, hoax, internet, swatting",,5a42ed6e527d3d240b8140e4,IAB19,Technology,technology,Engadget,1514587020000,classified,,,,,,,,,Alleged swatting hoax ends in the death of a father of two (updated),Technology,https://www.engadget.com/2017/12/29/alleged-swatting-hoax-death-father-of-two/
5a48e1aa670c7645a286b41d,Rob LeFebvre,"av, comics, disney, entertainment, marvel, marvelcreateyourown, service, taptap, terms, video",,5a42ed6e527d3d240b8140e4,IAB19,Technology,technology,Engadget,1514604120000,classified,,,,,,,,,"Marvel wants to help you make comics, just leave out the farts",Technology,https://www.engadget.com/2017/12/29/marvel-create-your-own-comics-without-farts/
5a48e1aa670c7645a286b41e,Jon Fingas,"amazon, apple, av, facebook, gadgetry, gadgets, gear, google, microsoft, mobile, personal computing, personalcomputing, samsung, yearinreview, yir2017",,5a42ed6e527d3d240b8140e4,IAB19,Technology,technology,Engadget,1514646900000,classified,,,,,,,,,Blunders and blockbusters from the biggest names in tech,Technology,https://www.engadget.com/2017/12/30/tech-blunders-and-blockbusters-2017/
5a48e1e8670c7645a286b41f,Jon Fingas,"business, cameras, food and drink, food-and-drink, foodanddrink, gear, groceries, grocerystore, kroger, retail, scanbaggo, self-checkout, selfcheckout, shopping",,5a42ed6e527d3d240b8140e4,IAB19,Technology,technology,Engadget,1514574780000,classified,,,,,,,,,Kroger is the next grocery chain hoping to cut checkout lines,Technology,https://www.engadget.com/2017/12/29/kroger-expands-self-checkout-scanning-nationwide/
5a48e1e8670c7645a286b420,Mallory Locklear,"facebook, gear, internet, politics, russia, services, socialmedia, socialnetwork, twitter",,5a42ed6e527d3d240b8140e4,IAB19,Technology,technology,Engadget,1514571240000,classified,,,,,,,,,US Representative calls for civics-focused social networks,Technology,https://www.engadget.com/2017/12/29/us-representative-civics-focused-social-networks/
5a48e1e8670c7645a286b421,Sean Gallagher,"Biz & IT, @Microsoft, Live Hotmail, microsoft, Microsoft Online Services, MSN, Windows Live Hotmail",,5a42ed6e527d3d240b8140e4,IAB19,Technology,technology,ARS Technica,1514559009000,classified,,,,,,,,,How Hotmail changed Microsoft (and email) forever,Technology,https://arstechnica.com/?p=1237983
5a48e1e8670c7645a286b422,Megan Geuss,"Biz & IT, Science, Energy, natural gas",,5a42ed6e527d3d240b8140e4,IAB19,Technology,technology,ARS Technica,1514486710000,classified,,,,,,,,,Gigawatts of planned natural gas plants despite low electricity prices,Technology,https://arstechnica.com/?p=1237773
5a48e1e8670c7645a286b423,Sean Gallagher,"Biz & IT, Features, Deathwatch, features",,5a42ed6e527d3d240b8140e4,IAB19,Technology,technology,ARS Technica,1514467537000,classified,,,,,,,,,License expired: The Ars Technica 2018 Deathwatch,Technology,https://arstechnica.com/?p=1234543
5a48e1e8670c7645a286b424,Swapna Krishna,"apple, battery, gear, iphone, mobile",,5a42ed6e527d3d240b8140e4,IAB19,Technology,technology,Engadget,1514573040000,classified,,,,,,,,,iFixit discounts iPhone battery replacement kits amid Apple backlash,Technology,https://www.engadget.com/2017/12/29/ifixit-iphone-battery-replacement-kit-discount/
5a48e1e8670c7645a286b425,Sam Machkovech,"Biz & IT, dating, Facebook, OKCupid, online dating, real name policy, real names, social media",,5a42ed6e527d3d240b8140e4,IAB19,Technology,technology,ARS Technica,1513977948000,classified,,,,,,,,,"OkCupid begins enforcing real-name rules, insists it's a good idea",Technology,https://arstechnica.com/?p=1236977
5a48e1e8670c7645a286b426,Violet Blue,"badpassword, 0, bitcoin, business, equifax, hacked, infosec, internet, kaspersky, opinion, politics, responsibleencryption, security, uber, wannacry",,5a42ed6e527d3d240b8140e4,IAB19,Technology,technology,Engadget,1514577600000,classified,,,,,,,,,2017's biggest cybersecurity facepalms,Technology,https://www.engadget.com/2017/12/29/2017-s-biggest-cybersecurity-facepalms/
5a48e1e8670c7645a286b427,Eric Bangeman,Biz & IT,,5a42ed6e527d3d240b8140e4,IAB19,Technology,technology,ARS Technica,1514390521000,classified,,,,,,,,,Using Thunderbird? Update if you haven't already,Technology,https://arstechnica.com/?p=1237511
5a48e1e8670c7645a286b428,Timothy J. Seppala,"bluehole, concurrentusers, gaming, internet, pcgaming, pubg, pubgcorp, record, steam, xbox, xboxone",,5a42ed6e527d3d240b8140e4,IAB19,Technology,technology,Engadget,1514576520000,classified,,,,,,,,,'PUBG' sets new record with three million simultaneous players,Technology,https://www.engadget.com/2017/12/29/pubg-three-million-steam-concurrent-record/
5a48e225670c7645a286b429,Jon Brodkin,"Biz & IT, Policy, ajit pai, FCC, Net Neutrality, obama, tom wheeler",,5a42ed6e527d3d240b8140e4,IAB19,Technology,technology,ARS Technica,1513705111000,classified,,,,,,,,,"Obama didn't force FCC to impose net neutrality, investigation found",Technology,https://arstechnica.com/?p=1234621
5a48e225670c7645a286b42c,Dan Goodin,"Biz & IT, Tech, android, cryptocurrency mining, malware",,5a42ed6e527d3d240b8140e4,IAB19,Technology,technology,ARS Technica,1513716034000,classified,,,,,,,,,Currency-mining Android malware is so aggressive it can physically harm phones,Technology,https://arstechnica.com/?p=1234837
5a48e225670c7645a286b42d,Sean Gallagher,"Biz & IT, Policy",,5a42ed6e527d3d240b8140e4,IAB19,Technology,technology,ARS Technica,1513715133000,classified,,,,,,,,,Das boot ist kaputt: German navy has zero working subs,Technology,https://arstechnica.com/?p=1234841
5a48e225670c7645a286b42f,Sean Gallagher,"Biz & IT, Policy, china, china chopper, cyber-espionage, mimikatz, people's liberation army, web shells",,5a42ed6e527d3d240b8140e4,IAB19,Technology,technology,ARS Technica,1513896313000,classified,,,,,,,,,Chinese hackers go after think tanks in wave of more surgical strikes,Technology,https://arstechnica.com/?p=1236439
5a48e225670c7645a286b42e,Jon Brodkin,"Biz & IT, Policy, Charter, internet service, municipal broadband",,5a42ed6e527d3d240b8140e4,IAB19,Technology,technology,ARS Technica,1513944931000,classified,,,,,,,,,"Charter promises Internet service to family‰ÛÓthen says it'll cost $16,000",Technology,https://arstechnica.com/?p=1236479
5a48e225670c7645a286b42a,Megan Geuss,"Biz & IT, Science, Energy, nuclear, solar",,5a42ed6e527d3d240b8140e4,IAB19,Technology,technology,ARS Technica,1513957523000,classified,,,,,,,,,Georgia regulators say dramatically over-budget nuclear plant can move forward,Technology,https://arstechnica.com/?p=1236723
5a48e225670c7645a286b430,Jon Brodkin,"Biz & IT, Policy, Comcast, Net Neutrality",,5a42ed6e527d3d240b8140e4,IAB19,Technology,technology,ARS Technica,1513878072000,classified,,,,,,,,,Comcast claims it'll spend $50B because of net neutrality repeal and tax cut,Technology,https://arstechnica.com/?p=1236161
5a48e225670c7645a286b431,Sean Gallagher,"Biz & IT, Policy, Deparment of Homeland Security, Donald Trump, National Security Agency, North Korea, shadowbrokers, wannacry",,5a42ed6e527d3d240b8140e4,IAB19,Technology,technology,ARS Technica,1513705806000,classified,,,,,,,,,Trump administration formally blames North Korea for WannaCry. Now what?,Technology,https://arstechnica.com/?p=1234691
5a48e225670c7645a286b42b,Sean Gallagher,"Biz & IT, Policy, bitcoin, cryptocurrencies, hacking, North Korea",,5a42ed6e527d3d240b8140e4,IAB19,Technology,technology,ARS Technica,1513803135000,classified,,,,,,,,,"North Korea suspected in latest bitcoin heist, bankrupting Youbit exchange",Technology,https://arstechnica.com/?p=1235655
5a48e225670c7645a286b432,Ars Staff,"Biz & IT, Features, features",,5a42ed6e527d3d240b8140e4,IAB19,Technology,technology,ARS Technica,1513869289000,classified,,,,,,,,,Siri can't talk to me: The challenge of teaching language to voice assistants,Technology,https://arstechnica.com/?p=1229177
5a48e25f670c7645a286b433,,,,5a42ed6e527d3d240b8140e4,IAB19,Technology,technology,Huffington Post,1513784970000,classified,,,,,,,,,Facebook Is The Enemy Now,Technology,https://www.huffingtonpost.com/entry/facebook-is-the-enemy-now_us_5a396166e4b0860bf4ab9586?section=us_technology
5a48e25f670c7645a286b434,,,,5a42ed6e527d3d240b8140e4,IAB19,Technology,technology,Huffington Post,1513888978000,classified,,,,,,,,,Apple Confirms It Slows Down Old iPhones As Their Batteries Age,Technology,https://www.huffingtonpost.com/entry/apple-slows-down-old-iphones_us_5a3bfe71e4b0b0e5a7a09efd?section=us_technology
5a48e25f670c7645a286b435,Dan Goodin,"Biz & IT, apps, Bundling, exploits, keeper password manager, microsoft, vulnerabilities, windows 10",,5a42ed6e527d3d240b8140e4,IAB19,Technology,technology,ARS Technica,1513367900000,classified,,,,,,,,,For 8 days Windows bundled a password manager with a critical plugin flaw,Technology,https://arstechnica.com/?p=1233523
5a48e25f670c7645a286b436,,,,5a42ed6e527d3d240b8140e4,IAB19,Technology,technology,Huffington Post,1514499752000,classified,,,,,,,,,Spend Winter Curled Up With Your Favorite On-Sale Movies And Shows,Technology,https://www.huffingtonpost.com/entry/what-to-buy-during-amazons-digital-day-movies-tv-shows-on-sale_us_5a45173ae4b0b0e5a7a5337c?section=us_technology
5a48e25f670c7645a286b437,,,,5a42ed6e527d3d240b8140e4,IAB19,Technology,technology,Huffington Post,1514134512000,classified,,,,,,,,,The Bitcoin Hoax,Technology,https://www.huffingtonpost.com/entry/the-bitcoin-hoax_us_5a3fd6dce4b025f99e17bb2f?section=us_technology
5a48e25f670c7645a286b438,Dan Goodin,"Biz & IT, breaches, dns hijacking, domains, fox-it, hacks",,5a42ed6e527d3d240b8140e4,IAB19,Technology,technology,ARS Technica,1513640739000,classified,,,,,,,,,"Hackers take control of security firm's domain, steal secret data",Technology,https://arstechnica.com/?p=1234407
5a48e25f670c7645a286b439,,,,5a42ed6e527d3d240b8140e4,IAB19,Technology,technology,Huffington Post,1514635202000,classified,,,,,,,,,2017 Was The Year Of Hacks. 2018 Probably Won't Be Better.,Technology,https://www.huffingtonpost.com/entry/data-breach-hacks_us_5a3a7f56e4b025f99e13cdbe?section=us_technology
5a48e25f670c7645a286b43a,Sean Gallagher,"Biz & IT, Features, Policy, Boeing, F-117, F-22, F-35, features, General Dynamics, Have Blue, Lockheed, Lockheed Martin, Northrop Grumman, SR-71, stealth fighter",,5a42ed6e527d3d240b8140e4,IAB19,Technology,technology,ARS Technica,1513427432000,classified,,,,,,,,,Stealth turns 40: Looking back at the first flight of Have Blue,Technology,https://arstechnica.com/?p=1231809
5a48e25f670c7645a286b43b,Sean Gallagher,"Biz & IT, Gaming & Culture, Science, broadband, international space station, iss, NASA, Space network, star wars episode 8",,5a42ed6e527d3d240b8140e4,IAB19,Technology,technology,ARS Technica,1513371656000,classified,,,,,,,,,ISS astronauts will get their own Star Wars premiere‰ÛÓin space,Technology,https://arstechnica.com/?p=1233649
5a48e25f670c7645a286b43c,Ars Staff,"Biz & IT, Policy",,5a42ed6e527d3d240b8140e4,IAB19,Technology,technology,ARS Technica,1513692010000,classified,,,,,,,,,New York City moves to create accountability for algorithms,Technology,https://arstechnica.com/?p=1234481
5a48e29b670c7645a286b43d,,,,5a42ed6e527d3d240b8140e4,IAB19,Technology,technology,Huffington Post,1513671501000,classified,,,,,,,,,Genius Hack Shows How To Use Amazon Prime Now To Help The Homeless,Technology,https://www.huffingtonpost.com/entry/amazon-prime-homeless_us_5a38b6bbe4b0860bf4aaaadc?section=us_technology
5a48e29b670c7645a286b43e,,,,5a42ed6e527d3d240b8140e4,IAB19,Technology,technology,Huffington Post,1513390803000,classified,,,,,,,,,"Being A Facebook Wallflower Isn't Good For You, The Social Site Says",Technology,https://www.huffingtonpost.com/entry/facebook-passive-use_us_5a34517ae4b040881beaae39?section=us_technology
5a48e29b670c7645a286b440,,,,5a42ed6e527d3d240b8140e4,IAB19,Technology,technology,Huffington Post,1513310146000,classified,,,,,,,,,Woman In China Says Colleague's Face Was Able To Unlock Her iPhone X,Technology,https://www.huffingtonpost.com/entry/iphone-face-recognition-double_us_5a332cbce4b0ff955ad17d50?section=us_technology
5a48e29b670c7645a286b441,,,,5a42ed6e527d3d240b8140e4,IAB19,Technology,technology,Huffington Post,1513107555000,classified,,,,,,,,,Welcome To The Surveillance State: China's AI Cameras See All,Technology,https://www.huffingtonpost.com/entry/china-surveillance-camera-big-brother_us_5a2ff4dfe4b01598ac484acc?section=us_technology
5a48e29b670c7645a286b442,,,,5a42ed6e527d3d240b8140e4,IAB19,Technology,technology,Huffington Post,1513019670000,classified,,,,,,,,,Apple To Buy Shazam Amid Rumors It Will Phase Out iTunes Downloads,Technology,https://www.huffingtonpost.com/entry/apple-shazam-streaming-music-service_us_5a2ea9b3e4b0a290f052790a?section=us_technology
5a48e29b670c7645a286b43f,,,,5a42ed6e527d3d240b8140e4,IAB19,Technology,technology,Huffington Post,1513371282000,classified,,,,,,,,,What The End Of Net Neutrality Means For Native Communities,Technology,https://www.huffingtonpost.com/entry/what-the-end-of-net-neutrality-means-for-native-communities_us_5a343379e4b02bd1c8c60693?section=us_technology
5a48e29b670c7645a286b443,,,,5a42ed6e527d3d240b8140e4,IAB19,Technology,technology,Huffington Post,1512679003000,classified,,,,,,,,,The Best Wireless Headphones For Working Out,Technology,https://www.huffingtonpost.com/entry/the-best-wireless-headphones-for-working-out_us_5a295fe9e4b0b185e539dab7?section=us_technology
5a48e29b670c7645a286b444,,,,5a42ed6e527d3d240b8140e4,IAB19,Technology,technology,Huffington Post,1512507906000,classified,,,,,,,,,Instagram Growing With Highly Curated (Safe) Feed,Technology,https://www.huffingtonpost.com/entry/instagram-growing-with-highly-curated-safe-feed_us_5a2707dde4b0f3c1632e6177?section=us_technology
5a48e29b670c7645a286b445,,,,5a42ed6e527d3d240b8140e4,IAB19,Technology,technology,Huffington Post,1512489214000,classified,,,,,,,,,"Twitter Reveals 2017's Most Popular Tweets, And Donald Trump's Ego May Shatter",Technology,https://www.huffingtonpost.com/entry/twitter-2017-tweets-of-year-trump-obama_us_5a268bf1e4b0f9f0203f2369?section=us_technology
5a48e29b670c7645a286b446,,,,5a42ed6e527d3d240b8140e4,IAB19,Technology,technology,Huffington Post,1512596227000,classified,,,,,,,,,Privacy Battle Brewing: Are LinkNYC Kiosks Surveillance Devices?,Technology,https://www.huffingtonpost.com/entry/privacy-battle-brewing-are-linknyc-kiosks-surveillance_us_5a284856e4b0650db4d40caf?section=us_technology
5a48e2d7670c7645a286b447,,,,5a42ed6e527d3d240b8140e4,IAB19,Technology,technology,Huffington Post,1512403393000,classified,,,,,,,,,Amazon Has 12 Amazing Days Of Deals That You Don't Want To Miss,Technology,https://www.huffingtonpost.com/entry/amazon-has-12-amazing-days-of-deals-that-you-dont-want-to-miss_us_5a2553bbe4b03350e0b8078d?section=us_technology
5a48e2d7670c7645a286b448,,,,5a42ed6e527d3d240b8140e4,IAB19,Technology,technology,Huffington Post,1512002172000,classified,,,,,,,,,Meet The Man Who Temporarily Deleted Trump's Twitter Account,Technology,https://www.huffingtonpost.com/entry/bahtiyar-duysak-donald-trump-twitter_us_5a1f467ce4b0a8581e67dc2b?section=us_technology
5a48e2d7670c7645a286b449,,,,5a42ed6e527d3d240b8140e4,IAB19,Technology,technology,Huffington Post,1511990153000,classified,,,,,,,,,Is Ancestry.com Worth It? Cyber Monday Shoppers Think So,Technology,https://www.huffingtonpost.com/entry/is-ancestry-worth-it_us_5a1ee4b2e4b017a311ebbf9c?section=us_technology
5a48e2d7670c7645a286b44a,,,,5a42ed6e527d3d240b8140e4,IAB19,Technology,technology,Huffington Post,1511985955000,classified,,,,,,,,,Facebook Says It's Getting Pretty Good At Filtering Out Terrorists,Technology,https://www.huffingtonpost.com/entry/facebook-ai-filter-terrorist-content_us_5a1edac8e4b017a311eba712?section=us_technology
5a48e2d7670c7645a286b44b,,,,5a42ed6e527d3d240b8140e4,IAB19,Technology,technology,Huffington Post,1511807855000,classified,,,,,,,,,10 Of The Best Cyber Monday TV Deals You'll Actually Want To Shop,Technology,https://www.huffingtonpost.com/entry/the-best-cyber-monday-tv-deals_us_5a1c3337e4b0d4906cb046a9?section=us_technology
5a48e2d7670c7645a286b44d,,,,5a42ed6e527d3d240b8140e4,IAB19,Technology,technology,Huffington Post,1511476084000,classified,,,,,,,,,"Justin Trudeau, Other World Leaders Praise Net Neutrality Ahead Of FCC's Planned Repeal",Technology,https://www.huffingtonpost.com/entry/justin-trudeau-world-leaders-net-neutrality-fcc_us_5a173046e4b0d4906cade94a?section=us_technology
5a48e2d7670c7645a286b44c,,,,5a42ed6e527d3d240b8140e4,IAB19,Technology,technology,Huffington Post,1511738243000,classified,,,,,,,,,Elon Musk's Tweet Gives Creepy Insight Into Future Of Humanoid Robots,Technology,https://www.huffingtonpost.com/entry/elon-musk-artificial-intelligence_us_5a1b3e02e4b0cee6c0508746?section=us_technology
5a48e2d7670c7645a286b44f,,,,5a42ed6e527d3d240b8140e4,IAB19,Technology,technology,Huffington Post,1511277706000,classified,,,,,,,,,"How YouTube 'Free' Killed Video, And What Comes Next",Technology,https://www.huffingtonpost.com/entry/how-youtube-free-killed-video-and-what-comes-next_us_5a14401fe4b010527d6780a4?section=us_technology
5a48e2d7670c7645a286b44e,,,,5a42ed6e527d3d240b8140e4,IAB19,Technology,technology,Huffington Post,1511265431000,classified,,,,,,,,,Amazon Launches 'Secret' Cloud Service For Intelligence Agencies,Technology,https://www.huffingtonpost.com/entry/amazon-secret-cloud-intelligence_us_5a13b28ae4b0bfa88c1ca7d6?section=us_technology
5a48e2d7670c7645a286b450,,,,5a42ed6e527d3d240b8140e4,IAB19,Technology,technology,Huffington Post,1511210736000,classified,,,,,,,,,Apple Black Friday Deals That Are Actually Worth Your Time And Money,Technology,https://www.huffingtonpost.com/entry/apple-black-friday-deals_us_5a12fccbe4b0bfa88c1bce8d?section=us_technology
5a48e312670c7645a286b452,,,,5a42ed6e527d3d240b8140e4,IAB19,Technology,technology,Huffington Post,1510684888000,classified,,,,,,,,,Lack Of Diversity In Tech Makes It Difficult To Override Russian Fake News,Technology,https://www.huffingtonpost.com/entry/lack-of-diversity-in-tech-makes-it-difficult-to-override_us_5a0b343be4b006523921843a?section=us_technology
5a48e312670c7645a286b451,,,,5a42ed6e527d3d240b8140e4,IAB19,Technology,technology,Huffington Post,1510875343000,classified,,,,,,,,,Here's How To Get Free 2-Day Shipping On Your Black Friday Purchases,Technology,https://www.huffingtonpost.com/entry/how-to-get-2-day-shipping-on-your-black-friday-purchases_us_5a0e1081e4b045cf437064c4?section=us_technology
5a48e312670c7645a286b453,,,,5a42ed6e527d3d240b8140e9,IAB23,Religion & Spirituality,religion_spirituality,Huffington Post,1514334740000,classified,,,,,,,,,Topless Femen Activists Stage #MeToo Protest Against The Patriarchy At The Vatican,Religion & Spirituality,https://www.huffingtonpost.com/entry/topless-femen-activists-metoo-protest-vatican_us_5a42ac42e4b06d1621b5bc25?section=us_religion
5a48e312670c7645a286b454,,,,5a42ed6e527d3d240b8140e4,IAB19,Technology,technology,Huffington Post,1510853255000,classified,,,,,,,,,Here's Where To Get The Best Black Friday Deal On An XBox One,Technology,https://www.huffingtonpost.com/entry/black-friday-deals-on-xbox-one_us_5a0cd040e4b0c0b2f2f79b9a?section=us_technology
5a48e312670c7645a286b455,,,,5a42ed6e527d3d240b8140e4,IAB19,Technology,technology,Huffington Post,1510787142000,classified,,,,,,,,,15 Black Friday Laptop Deals Actually Worth Your Time And Money,Technology,https://www.huffingtonpost.com/entry/black-friday-laptop-deals-2017_us_5a0ca6ece4b0b37054f41e87?section=us_technology
5a48e312670c7645a286b456,,,,5a42ed6e527d3d240b8140e4,IAB19,Technology,technology,Huffington Post,1510783668000,classified,,,,,,,,,Amazon Just Released A Sneak Peek At Its Black Friday Deals,Technology,https://www.huffingtonpost.com/entry/amazon-black-friday-sneak-peek_us_5a0c6247e4b00a6eece5ba74?section=us_technology
5a48e312670c7645a286b457,,,,5a42ed6e527d3d240b8140e4,IAB19,Technology,technology,Huffington Post,1510950711000,classified,,,,,,,,,"With Net Neutrality On The Chopping Block, Communities Are Taking Matters Into their Own Hands‰ÛÓAnd Scaring The Hell Out Of Comcast",Technology,https://www.huffingtonpost.com/entry/with-net-neutrality-on-the-chopping-block-communities_us_5a0f467de4b0e6450602eaa5?section=us_technology
5a48e312670c7645a286b458,,,,5a42ed6e527d3d240b8140e9,IAB23,Religion & Spirituality,religion_spirituality,Huffington Post,1514153925000,classified,,,,,,,,,Pope Uses Christmas Eve Message To Urge Respect For Migrants,Religion & Spirituality,https://www.huffingtonpost.com/entry/pope-christmas-eve-migrants_us_5a4025cfe4b025f99e17c35b?section=us_religion
5a48e312670c7645a286b459,,,,5a42ed6e527d3d240b8140e9,IAB23,Religion & Spirituality,religion_spirituality,Huffington Post,1514061029000,classified,,,,,,,,,New TV Ad Thanks Trump For Ending War On Christmas That Never Existed,Religion & Spirituality,https://www.huffingtonpost.com/entry/new-tv-ad-thanks-trump-for-ending-war-on-christmas-that-never-existed_us_5a3ea0aae4b025f99e177d8b?section=us_religion
5a48e312670c7645a286b45a,,,,5a42ed6e527d3d240b8140e9,IAB23,Religion & Spirituality,religion_spirituality,Huffington Post,1514311226000,classified,,,,,,,,,How This Muslim Teacher In Berlin Is Fighting Anti-Semitism,Religion & Spirituality,https://www.huffingtonpost.com/entry/berlin-antisemitism_us_5a4282cce4b025f99e186149?section=us_religion
5a48e34e670c7645a286b45b,,,,5a42ed6e527d3d240b8140e9,IAB23,Religion & Spirituality,religion_spirituality,Huffington Post,1514018422000,classified,,,,,,,,,The Christmas Dogs Of Instagram Are Pawsitively Adorable,Religion & Spirituality,https://www.huffingtonpost.com/entry/christmas-dogs-of-instagram-2017_us_5a3e1136e4b025f99e1740c5?section=us_religion
5a48e34e670c7645a286b45d,,,,5a42ed6e527d3d240b8140e9,IAB23,Religion & Spirituality,religion_spirituality,Huffington Post,1513859175000,classified,,,,,,,,,Jimmy Fallon Shares People's Strangest Holiday Habits,Religion & Spirituality,https://www.huffingtonpost.com/entry/jimmy-fallon-holiday-traditions_us_5a3b9d56e4b025f99e14d0ac?section=us_religion
5a48e34e670c7645a286b45c,,,,5a42ed6e527d3d240b8140e9,IAB23,Religion & Spirituality,religion_spirituality,Huffington Post,1513985587000,classified,,,,,,,,,The World's Largest Lottery Has Just Drawn Its Winners,Religion & Spirituality,https://www.huffingtonpost.com/entry/spain-christmas-lottery_us_5a3d6b33e4b025f99e170a98?section=us_religion
5a48e34e670c7645a286b45e,,,,5a42ed6e527d3d240b8140e9,IAB23,Religion & Spirituality,religion_spirituality,Huffington Post,1513890214000,classified,,,,,,,,,50 Photos From 2017 That Show The Power Of Women's Rage,Religion & Spirituality,https://www.huffingtonpost.com/entry/50-photos-women-protesting-2017_us_5a3bc5d1e4b0b0e5a7a01df3?section=us_religion
5a48e34e670c7645a286b45f,,,,5a42ed6e527d3d240b8140e9,IAB23,Religion & Spirituality,religion_spirituality,Huffington Post,1513978201000,classified,,,,,,,,,Texas Attorney General Says It's Fine To Carry Loaded Guns Into Churches,Religion & Spirituality,https://www.huffingtonpost.com/entry/texas-attorney-general-guns-churches_us_5a3d3654e4b025f99e16e2a8?section=us_religion
5a48e34e670c7645a286b460,,,,5a42ed6e527d3d240b8140e9,IAB23,Religion & Spirituality,religion_spirituality,Huffington Post,1513963785000,classified,,,,,,,,,British Baker Recreates Little Town Of Bethlehem From Fruitcake,Religion & Spirituality,https://www.huffingtonpost.com/entry/british-baker-bethlehem-fruitcake_us_5a3812dae4b0c65287ab63b4?section=us_religion
5a48e34e670c7645a286b461,,,,5a42ed6e527d3d240b8140e9,IAB23,Religion & Spirituality,religion_spirituality,Huffington Post,1513985179000,classified,,,,,,,,,Cardinal Law's Papal Sendoff Shows Church's Laxity On Sex Abuse Scandal,Religion & Spirituality,https://www.huffingtonpost.com/entry/pope-delivers-blow-at-law-funeral_us_5a3d8510e4b0df0de8b06531?section=us_religion
5a48e34e670c7645a286b463,,,,5a42ed6e527d3d240b8140e9,IAB23,Religion & Spirituality,religion_spirituality,Huffington Post,1514038011000,classified,,,,,,,,,A Christmas Message To Vice President Mike Pence,Religion & Spirituality,https://www.huffingtonpost.com/entry/a-christmas-message-to-vice-president-mike-pence_us_5a3da6cce4b06cd2bd03dac5?section=us_religion
5a48e34e670c7645a286b462,,,,5a42ed6e527d3d240b8140e9,IAB23,Religion & Spirituality,religion_spirituality,Huffington Post,1514015636000,classified,,,,,,,,,Folks Are Adding Donald Trump To Ruin Their Favorite Holiday Songs,Religion & Spirituality,https://www.huffingtonpost.com/entry/trump-ruin-christmas-songs-twitter_us_5a3e06b1e4b0b0e5a7a24205?section=us_religion
5a4a32ef670c7645a286b5f5,Jon Fingas,"Technology,AeroSpace","aircraft, f-35, f-35b, fighter, gear, jet, lockheed martin, marines, military, stovl, transportation, usmc, wargadget",5a42ed6e527d3d240b8140e4,IAB19,Technology,technology,Engadget,1514795940000,classified,5a4b51510978e16b1b883bb4,IAB19-86,AeroSpace,5a42ed6e527d3d240b8140e4,IAB19,Technology,technology,aerospace,F-35 may see combat in 2018,Technology,https://www.engadget.com/2018/01/01/f-35-may-see-combat-in-2018/
5a4a32ef670c7645a286b5f6,Richard Lai,"Technology,Audio Video","8k, av, ces2018, display, gear, lg, lgd, lg display, oled, oled tv, screen, tv",5a42ed6e527d3d240b8140e4,IAB19,Technology,technology,Engadget,1514788200000,classified,5a4468486f7af13a5a457c5f,IAB19-66,Audio Video,5a42ed6e527d3d240b8140e4,IAB19,Technology,technology,audio_video,LG shows off the world's first 88-inch 8K OLED display,Technology,https://www.engadget.com/2018/01/01/lg-shows-off-the-worlds-first-88-inch-8k-oled-display/
5a4a32ef670c7645a286b5f7,Jon Fingas,"Technology,Internet Technology","celebrity, chrissy teigen, conspiracy, gear, internet, john legend, lizcrokin, social network, social networking, twitter, verification, verified",5a42ed6e527d3d240b8140e4,IAB19,Technology,technology,Engadget,1514779860000,classified,5a4468486f7af13a5a457c2f,IAB19-18,Internet Technology,5a42ed6e527d3d240b8140e4,IAB19,Technology,technology,Internet_Technology,Twitter pulls conspiracist's verified badge after celebrity outrage,Technology,https://www.engadget.com/2017/12/31/twitter-pulls-conspiracist-verification/
5a4a32ef670c7645a286b5f8,Jon Fingas,"Technology,Mobile","android, biometric, face unlock, gear, mobile, oneplus, oneplus5, oxygen os, smartphone",5a42ed6e527d3d240b8140e4,IAB19,Technology,technology,Engadget,1514774160000,classified,5a4468486f7af13a5a457c60,IAB19-67,Mobile,5a42ed6e527d3d240b8140e4,IAB19,Technology,technology,mobile,OnePlus 5 beta adds the 5T's Face Unlock feature,Technology,https://www.engadget.com/2017/12/31/oneplus-5-beta-adds-face-unlock/
5a4a32ef670c7645a286b5fb,Mariella Moon,"Technology,Mobile","android, app, gear, ios, mobile, telegram",5a42ed6e527d3d240b8140e4,IAB19,Technology,technology,Engadget,1514752260000,classified,5a4468486f7af13a5a457c60,IAB19-67,Mobile,5a42ed6e527d3d240b8140e4,IAB19,Technology,technology,mobile,Telegram for Android now supports multiple accounts,Technology,https://www.engadget.com/2017/12/31/telegram-multiple-account-android/
5a4a32ef670c7645a286b5fd,Jon Fingas,"Technology,Gadgets","egypt, egyptology, gadgetry, gadgets, gear, history, mummy, papyrus, scanner, scanning, university college london",5a42ed6e527d3d240b8140e4,IAB19,Technology,technology,Engadget,1514807880000,classified,5a4470ab527d3d3ad9df9553,IAB19-84,Gadgets,5a42ed6e527d3d240b8140e4,IAB19,Technology,technology,gadgets,Scanning technique reads hidden writing in mummy boxes,Technology,https://www.engadget.com/2018/01/01/scanners-can-read-hidden-writing-in-mummy-boxes/
5a4a32ef670c7645a286b5fe,Jon Fingas,"Technology,Mobile","android, gaming, gear, hq, intermedialabs, internet, mobile, smartphone, trivia",5a42ed6e527d3d240b8140e4,IAB19,Technology,technology,Engadget,1514763300000,classified,5a4468486f7af13a5a457c60,IAB19-67,Mobile,5a42ed6e527d3d240b8140e4,IAB19,Technology,technology,mobile,Trivia hit HQ arrives on Android in time for New Year's Eve event,Technology,https://www.engadget.com/2017/12/31/hq-android-release/
5a4a332a670c7645a286b600,Jon Fingas,"Technology,Google","android, android auto, av, ces2018, gear, head unit, jvc, jvc kenwood, kenwood, mobile, smartphone, transportation",5a42ed6e527d3d240b8140e4,IAB19,Technology,technology,Engadget,1514685120000,classified,5a4468486f7af13a5a457c6c,IAB19-73,Google,5a42ed6e527d3d240b8140e4,IAB19,Technology,technology,google,Kenwood will be one of the first to offer wireless Android Auto,Technology,https://www.engadget.com/2017/12/30/kenwood-wireless-android-auto/
5a4a332a670c7645a286b604,Wirecutter,"Technology,Audio Video","aukey, aukey latitude, av, epic2, gear, jaybird, jaybird x3, jlab, jlab epic2, latitude ep-b40, partner, syndicated, the wire cutter, wire cutter, wireless headphones, x3",5a42ed6e527d3d240b8140e4,IAB19,Technology,technology,Engadget,1514742000000,classified,5a4468486f7af13a5a457c5f,IAB19-66,Audio Video,5a42ed6e527d3d240b8140e4,IAB19,Technology,technology,audio_video,The best wireless workout headphones,Technology,https://www.engadget.com/2017/12/31/the-best-wireless-workout-headphones/
5a4a332a670c7645a286b607,Jon Fingas,"News,Politics","extremism, facebook, gear, google, government, internet, politics, tax, taxes, terrorism, uk",5a42ed6e527d3d240b8140ea,IAB12,News,news,Engadget,1514746920000,classified,5a44d8d7527d3d3ad9df95b9,IAB12-1,Politics,5a42ed6e527d3d240b8140ea,IAB12,News,news,politics,UK may tax internet giants to get more help fighting online extremism,Technology,https://www.engadget.com/2017/12/31/uk-may-use-taxes-to-spur-cooperation-fighting-extremism/
5a4a332a670c7645a286b608,Jon Fingas,"News,International News","censorship, facebook, gear, instagram, internet, iran, mobile, politics, protest, telegram",5a42ed6e527d3d240b8140ea,IAB12,News,news,Engadget,1514736660000,classified,5a4b39850978e16b1b883b97,IAB12-9,International News,5a42ed6e527d3d240b8140ea,IAB12,News,news,international_news,Iran blocks internet services in bid to quash protests,Technology,https://www.engadget.com/2017/12/31/iran-blocks-internet-services-in-bid-to-quash-protests/
5a4a3419670c7645a286b62b,Ron Miller,"Business,Technology","Artificial Intelligence, Cloud, TC, voice computing, voice assistants, Amazon Echo, Werner Vogels, Roxy, Cisco, Synqq, sisense",5a42ed6e527d3d240b8140d4,IAB3,Business,business,techcrunch,1514749515000,classified,5a4468486f7af13a5a457c61,IAB3-13,Technology,5a42ed6e527d3d240b8140d4,IAB3,Business,business,technology,Voice interfaces beginning to find their way into business,All,http://feedproxy.google.com/~r/Techcrunch/~3/uberf4J3Mvc/
5a4a3456670c7645a286b634,Sam Hodges,"News,US News","Column, Finance, TC, irs, Internal Revenue Service, IRS Data Verification Modernization Act of 2017, Open Banking, Payment Services Directive",5a42ed6e527d3d240b8140ea,IAB12,News,news,techcrunch,1514656854000,classified,5a44d8eb527d3d3ad9df95ba,IAB12-2,US News,5a42ed6e527d3d240b8140ea,IAB12,News,news,us_news,How a simple tech upgrade at the IRS could transform the economy,All,http://feedproxy.google.com/~r/Techcrunch/~3/aap6ol9YPxY/
5a4b828e670c7645a286b792,Martin Welker,"Technology,Artificial Intelligence","AI, Artificial Intelligence, techcrunch",5a42ed6e527d3d240b8140e4,IAB19,Technology,technology,techcrunch,1514871039000,classified,5a4468486f7af13a5a457c6b,IAB19-72,Artificial Intelligence,5a42ed6e527d3d240b8140e4,IAB19,Technology,technology,artificial_intelligence,Building AI systems that work is still hard,All,http://feedproxy.google.com/~r/Techcrunch/~3/lK8YDseQ9j0/
5a4b828e670c7645a286b796,Jon Russell,"News,Technology News","Asia, Media, bytedance, Toutiao, Chinese, Startup",5a42ed6e527d3d240b8140ea,IAB12,News,news,techcrunch,1514891426000,classified,5a4b39e40978e16b1b883b98,IAB12-10,Technology News,5a42ed6e527d3d240b8140ea,IAB12,News,news,technology_news,Fast-growing Chinese media startup ByteDance enters 2018 with some uncertainty,All,http://feedproxy.google.com/~r/Techcrunch/~3/XKSBEQkbN3k/
5a4b828e670c7645a286b798,Natasha Lomas,"News,International News","Apps, Government, Social, TC, social media, photo sharing, instagram, Telegram, Facebook, Instant Messaging, social messaging, iran, Pavel Durov, censorship",5a42ed6e527d3d240b8140ea,IAB12,News,news,techcrunch,1514890981000,classified,5a4b39850978e16b1b883b97,IAB12-9,International News,5a42ed6e527d3d240b8140ea,IAB12,News,news,international_news,Telegram and Instagram being restricted in Iran,All,http://feedproxy.google.com/~r/Techcrunch/~3/cbAyGL1Xv68/
5a4b8305670c7645a286b7a5,Clive Thompson,"Business,Technology","magazine-26.01, clean tech, clean energy, Solar, blockchain",5a42ed6e527d3d240b8140d4,IAB3,Business,business,wired,1514818800000,classified,5a4468486f7af13a5a457c61,IAB3-13,Technology,5a42ed6e527d3d240b8140d4,IAB3,Business,business,technology,Clean Energy Is a Bright Spot Amid a Dark Tech Cloud,Business,https://www.wired.com/story/the-sunny-optimism-of-clean-energy-shines-through-techs-gloom
5a4b8305670c7645a286b7a8,Victoria Law,"Business,Technology","bail, apps, criminal justice",5a42ed6e527d3d240b8140d4,IAB3,Business,business,wired,1514894400000,classified,5a4468486f7af13a5a457c61,IAB3-13,Technology,5a42ed6e527d3d240b8140d4,IAB3,Business,business,technology,This App Collects Spare Change to Bail People Out of Jail,Business,https://www.wired.com/story/this-app-collects-spare-change-to-bail-people-out-of-jail
5a4b83f6670c7645a286b7cf,Steve Dent,"News,US News","Airports, Customs, Delays, DHS, gear, Passports, security, transportation, US Customs",5a42ed6e527d3d240b8140ea,IAB12,News,news,Engadget,1514880120000,classified,5a44d8eb527d3d3ad9df95ba,IAB12-2,US News,5a42ed6e527d3d240b8140ea,IAB12,News,news,us_news,A US customs computer snafu caused major airport delays,Technology,https://www.engadget.com/2018/01/02/a-us-customs-computer-snafu-caused-major-airport-delays/
5a4b83f6670c7645a286b7d3,Jon Fingas,"Technology,Mobile","android, android8.0, androidoreo, beta, gear, mobile, oneplus, oneplus 5t, open beta, oreo, oxygenos, smartphone",5a42ed6e527d3d240b8140e4,IAB19,Technology,technology,Engadget,1514851320000,classified,5a4468486f7af13a5a457c60,IAB19-67,Mobile,5a42ed6e527d3d240b8140e4,IAB19,Technology,technology,mobile,Adventurous OnePlus 5T owners can try Android Oreo,Technology,https://www.engadget.com/2018/01/01/oneplus-5t-android-oreo-beta/
5a4b8432670c7645a286b7d5,Jon Fingas,"Technology,Gadgets","egypt, egyptology, gadgetry, gadgets, gear, history, mummy, papyrus, scanner, scanning, university college london",5a42ed6e527d3d240b8140e4,IAB19,Technology,technology,Engadget,1514807880000,classified,5a4470ab527d3d3ad9df9553,IAB19-84,Gadgets,5a42ed6e527d3d240b8140e4,IAB19,Technology,technology,gadgets,Scanning technique reads hidden writing in mummy boxes,Technology,https://www.engadget.com/2018/01/01/scanners-can-read-hidden-writing-in-mummy-boxes/
5a4b8432670c7645a286b7d9,Cherlynn Low,"News,Technology News","facebook, gear, germany, hatespeech, internet, law, socialmedia",5a42ed6e527d3d240b8140ea,IAB12,News,news,Engadget,1514829840000,classified,5a4b39e40978e16b1b883b98,IAB12-10,Technology News,5a42ed6e527d3d240b8140ea,IAB12,News,news,technology_news,Germany's hefty hate speech fines for social networks start today,Technology,https://www.engadget.com/2018/01/01/germanys-hefty-hate-speech-fines-for-social-networks-start-toda/
5a4b8432670c7645a286b7dc,Jessica Conditt,"Technology,Gaming","av, bluehole, capture, gaming, minkonet, personal computing, personal computing, player unknowns battlegrounds, pubg, replay, twitch, youtube, youtube gaming",5a42ed6e527d3d240b8140e4,IAB19,Technology,technology,Engadget,1514824200000,classified,5a4468486f7af13a5a457c67,IAB19-68,Gaming,5a42ed6e527d3d240b8140e4,IAB19,Technology,technology,gaming,'PUBG' is quietly changing video games with its 3D replay technology,Technology,https://www.engadget.com/2018/01/01/pubg-playerunknowns-battlegrounds-3d-replay-minkonet-future/
5a4b85d7670c7645a286b820,Maria Popova,"Society,Culture","BOOKS, CULTURE, JOHN O'DONOHUE, PHILOSOPHY, POLITICS",5a42ed6e527d3d240b8140df,IAB14,Society,society,Brain Pickings,1514825504000,classified,5a4468486f7af13a5a457c5d,IAB14-9,Culture,5a42ed6e527d3d240b8140df,IAB14,Society,society,Culture,A Gentle Corrective for the Epidemic of Identity Politics Turning Us on Each Other and on Ourselves,Culture,http://feedproxy.google.com/~r/brainpickings/rss/~3/xMlCvohcU0g/
5a4cd40e670c7645a286b97b,Matthew Panzarino,"Technology,Startup","TC, TechCrunch Startup Battlefield Dubai, Startup Battlefield, techcrunch startup battlefield, Startup Battlefield Dubai",5a42ed6e527d3d240b8140e4,IAB19,Technology,technology,techcrunch,1514981126000,classified,5a4468486f7af13a5a457c5e,IAB19-65,Startup,5a42ed6e527d3d240b8140e4,IAB19,Technology,technology,startup,Apply today for TechCrunch's Startup Battlefield Dubai,All,http://feedproxy.google.com/~r/Techcrunch/~3/5jTgODywBuw/
5a4cd40e670c7645a286b97c,Ingrid Lunden,"Business,Acquisition","China, didi, Brazil, 99, deal, acquisition",5a42ed6e527d3d240b8140d4,IAB3,Business,business,techcrunch,1514982683000,classified,5a4468486f7af13a5a457c62,IAB3-14,Acquisition,5a42ed6e527d3d240b8140d4,IAB3,Business,business,acquisition,Report: China's Didi to buy Brazil's 99 in $1B deal to take on Latin America,All,http://feedproxy.google.com/~r/Techcrunch/~3/_oIIXoCXbA8/
5a4cd485670c7645a286b995,Erin Griffith,"Business,Startup","blockchain, cryptocurrency, startups",5a42ed6e527d3d240b8140d4,IAB3,Business,business,wired,1514980800000,classified,5a4db5ab9081ed0ff24b08d1,IAB3-19,Startup,5a42ed6e527d3d240b8140d4,IAB3,Business,business,startup,Is Your Startup Stalled? Pivot to Blockchain,Business,https://www.wired.com/story/is-your-startup-stalled-pivot-to-blockchain
5a4cd4fd670c7645a286b9a5,Graeme McMillan,"Society,Culture","comics, DC Entertainment, dc comics, Justice League",5a42ed6e527d3d240b8140df,IAB14,Society,society,wired,1514980800000,classified,5a4468486f7af13a5a457c5d,IAB14-9,Culture,5a42ed6e527d3d240b8140df,IAB14,Society,society,Culture,Inside DC's Controversial 'Watchmen' and Justice League Crossover,Culture,https://www.wired.com/story/doomsday-clock-watchmen-justice-league
5a4cd5ee670c7645a286b9d2,Steve Dent,"Technology,AeroSpace","falcon heavy, gear, rocket, space, spacex, static firing, test, video",5a42ed6e527d3d240b8140e4,IAB19,Technology,technology,Engadget,1514980860000,classified,5a4b51510978e16b1b883bb4,IAB19-86,AeroSpace,5a42ed6e527d3d240b8140e4,IAB19,Technology,technology,aerospace,SpaceX shows a video flyby of its Falcon Heavy rocket,Technology,https://www.engadget.com/2018/01/03/spacex-falcon-rocket-video-tour/
5a4e27ea670c7645a286bbcb,Nick Summers,"[ ""Technology"", ""Transportation"" ]","automation, driverless trains, gear, glasgow, glasgow subway, scotland, tomorrow, transportation",5a42ed6e527d3d240b8140e4,IAB19,Technology,technology,Engadget,1515068700000,classified,5a4e2b9c8744ee7d5b5b6fa3,IAB19-87,Transportation,5a42ed6e527d3d240b8140e4,IAB19,Technology,technology,transportation,Glasgow subway trains will be the UK's first with no staff,Technology,https://www.engadget.com/2018/01/04/glasgow-subway-trains-driverless-staff-uk/
5a4f7786670c7645a286bd61,Jon Russell,"[ ""Technology"", ""Facebook"" ]","Techcrunch, Zuckerberg, Facebook, Blockchain",5a42ed6e527d3d240b8140e4,IAB19,Technology,technology,techcrunch,1515151406000,classified,5a4468486f7af13a5a457c6e,IAB19-75,Facebook,5a42ed6e527d3d240b8140e4,IAB19,Technology,technology,facebook,Mark Zuckerberg is right to explore the potential of the blockchain for Facebook,All,http://feedproxy.google.com/~r/Techcrunch/~3/RrPbtt4_TaQ/
5a521afe670c7645a286c151,Brian Heater,"[ ""Technology"", ""Google"" ]","Artificial Intelligence, Hardware, CES 2018, Google, Assistant, Google Assistant",5a42ed6e527d3d240b8140e4,IAB19,Technology,technology,techcrunch,1515277632000,classified,5a4468486f7af13a5a457c6c,IAB19-73,Google,5a42ed6e527d3d240b8140e4,IAB19,Technology,technology,google,Google has planted its flag at CES,All,http://feedproxy.google.com/~r/Techcrunch/~3/um8y5h_a8Dg/
5a521d1a670c7645a286c1ac,Tom Simonite,"[ ""Technology"", ""Security"" ]","facebook, privacy, software",5a42ed6e527d3d240b8140e4,IAB19,Technology,technology,wired,1515326400000,classified,5a4468486f7af13a5a457c5c,IAB19-64,Security,5a42ed6e527d3d240b8140e4,IAB19,Technology,technology,security,Facebook Bug Could Let Advertisers Get Your Phone Number,Business,https://www.wired.com/story/facebook-bug-could-let-advertisers-see-your-phone-number
5a521e0a670c7645a286c1cf,Jon Fingas,"[ ""Technology"", ""Security"" ]","breach, data breach, florida, gear, government, healthcare, internet, medicaid, phishing, privacy, security",5a42ed6e527d3d240b8140e4,IAB19,Technology,technology,Engadget,1515326580000,classified,5a4468486f7af13a5a457c5c,IAB19-64,Security,5a42ed6e527d3d240b8140e4,IAB19,Technology,technology,security,"Florida phishing attack exposes data for 30,000 Medicaid recipients",Technology,https://www.engadget.com/2018/01/07/florida-phishing-attack-exposes-data-for-30-000-medicaid-recipie/
5a521e47670c7645a286c1d5,Jon Fingas,"[ ""Science"", ""Medicine"" ]","crispr, crisprcas9, gear, gene editing, genetics, health, medicine, science, tomorrow",5a42ed6e527d3d240b8140e0,IAB15,Science,science,Engadget,1515305100000,classified,5a52e8b22d78da4f8509a649,IAB15-3,Medicine,5a42ed6e527d3d240b8140e0,IAB15,Science,science,medicine,Key CRISPR gene editing methods might not work for most humans,Technology,https://www.engadget.com/2018/01/07/crispr-gene-editing-methods-might-not-work-for-most-humans/
5a521e47670c7645a286c1d6,Mariella Moon,"[ ""Technology"", ""Streaming"" ]","amazon, anime, anime strike, entertainment, internet, primevideo",5a42ed6e527d3d240b8140e4,IAB19,Technology,technology,Engadget,1515298260000,classified,5a4468486f7af13a5a457c69,IAB19-70,Streaming,5a42ed6e527d3d240b8140e4,IAB19,Technology,technology,streaming,Amazon folds its little-known anime service into Prime Video,Technology,https://www.engadget.com/2018/01/06/amazon-kills-anime-strike-prime-video/
5a521e47670c7645a286c1d7,Richard Lawler,"[ ""Technology"", ""Audio Video"" ]","av, ces2018, gear, lg, lgdisplay, oled, rollable",5a42ed6e527d3d240b8140e4,IAB19,Technology,technology,Engadget,1515296640000,classified,5a4468486f7af13a5a457c5f,IAB19-66,Audio Video,5a42ed6e527d3d240b8140e4,IAB19,Technology,technology,audio_video,LG Display delivers a 65-inch rollable OLED,Technology,https://www.engadget.com/2018/01/06/lg-display-delivers-a-65-inch-rollable-oled/
5a521e47670c7645a286c1d8,Jon Fingas,"[ ""Technology"", ""Gaming"" ]","epic games, fortnite, games, gaming, gear, internet, meltdown, multiplayer, personal computing, security, video games",5a42ed6e527d3d240b8140e4,IAB19,Technology,technology,Engadget,1515292380000,classified,5a4468486f7af13a5a457c67,IAB19-68,Gaming,5a42ed6e527d3d240b8140e4,IAB19,Technology,technology,gaming,Epic pins 'Fortnite' server woes on Meltdown patches,Technology,https://www.engadget.com/2018/01/06/epic-blames-meltdown-patches-on-fortnite-problems/
5a521e47670c7645a286c1d9,Nathan Ingraham,"[ ""Technology"", ""Google"" ]","ai, ces2018, gear, google, google assistant, lasvegas, monorail, personal computing, personalcomputing, robots, services, voice assistant",5a42ed6e527d3d240b8140e4,IAB19,Technology,technology,Engadget,1515287940000,classified,5a4468486f7af13a5a457c6c,IAB19-73,Google,5a42ed6e527d3d240b8140e4,IAB19,Technology,technology,google,Why is Google taking over Vegas for CES 2018?,Technology,https://www.engadget.com/2018/01/06/google-assistant-taking-over-CES-2018/
5a521e47670c7645a286c1da,Mariella Moon,"[ ""News"", ""US News"" ]","border guard, border search, customs and border protection, directives, gear, privacy, security, transportation",5a42ed6e527d3d240b8140ea,IAB12,News,news,Engadget,1515284940000,classified,5a44d8eb527d3d3ad9df95ba,IAB12-2,US News,5a42ed6e527d3d240b8140ea,IAB12,News,news,us_news,US border guards searched 60 percent more devices in 2017,Technology,https://www.engadget.com/2018/01/06/us-border-guard-electronics-searches/
5a521e47670c7645a286c1db,David Lumb,"[ ""Technology"", ""Gadgets"" ]","ces, ces2018, chromebook, education, gear, hp, hp chromebook 11 g6, personal computing",5a42ed6e527d3d240b8140e4,IAB19,Technology,technology,Engadget,1515279600000,classified,5a4470ab527d3d3ad9df9553,IAB19-84,Gadgets,5a42ed6e527d3d240b8140e4,IAB19,Technology,technology,gadgets,HP updates its Chromebook lineup with 11- and 14-inch models,Technology,https://www.engadget.com/2018/01/06/hp-updates-its-chromebook-lineup-with-11-and-14-inch-models/
5a521e47670c7645a286c1dc,Jon Fingas,"[ ""News"", ""International News"" ]","apollo, astronaut, gear, gemini, john young, moon, nasa, space, space shuttle, video",5a42ed6e527d3d240b8140ea,IAB12,News,news,Engadget,1515274260000,classified,5a4b39850978e16b1b883b97,IAB12-9,International News,5a42ed6e527d3d240b8140ea,IAB12,News,news,international_news,Original Space Shuttle commander John Young dies,Technology,https://www.engadget.com/2018/01/06/astronaut-john-young-dies/
5a521e47670c7645a286c1dd,Jon Fingas,"[ ""Technology"", ""Gadgets"" ]","acer, ces2018, computer, corei9, desktop, gaming, gear, laptop, nitro5, pc, personal computing, personalcomputing, predator, predator orion 9000, ryzen mobile",5a42ed6e527d3d240b8140e4,IAB19,Technology,technology,Engadget,1515268800000,classified,5a4470ab527d3d3ad9df9553,IAB19-84,Gadgets,5a42ed6e527d3d240b8140e4,IAB19,Technology,technology,gadgets,Acer's new gaming PCs include an 18-core liquid-cooled desktop,Technology,https://www.engadget.com/2018/01/06/acer-predator-orion-9000-and-nitro-5/
5a521e47670c7645a286c1de,David Lumb,"[ ""Technology"", ""Gadgets"" ]","acer, acer chromebook 11, ces2018, chromebook, gear, google, laptop, personal computing, personalcomputing",5a42ed6e527d3d240b8140e4,IAB19,Technology,technology,Engadget,1515268800000,classified,5a4470ab527d3d3ad9df9553,IAB19-84,Gadgets,5a42ed6e527d3d240b8140e4,IAB19,Technology,technology,gadgets,Acer's latest Chromebook offers 10 hours of battery for $250,Technology,https://www.engadget.com/2018/01/06/acer-s-latest-chromebook-offers-10-hours-of-battery-for-250/
5a5a030e670c7645a286cca5,Geek's Guide to the Galaxy,"[ ""Society"", ""Culture"" ]","Geek's Guide to the Galaxy, TV",5a42ed6e527d3d240b8140df,IAB14,Society,society,wired,1515844800000,classified,5a4468486f7af13a5a457c5d,IAB14-9,Culture,5a42ed6e527d3d240b8140df,IAB14,Society,society,Culture,'Black Mirror' Should Not Be a Shared Universe,Culture,https://www.wired.com/2018/01/geeks-guide-black-mirror-universe
5a5a03ff670c7645a286ccc5,Lucas Matney,"[ ""Technology"", ""Apple"" ]","TC, Apple, china, icloud",5a42ed6e527d3d240b8140e4,IAB19,Technology,technology,techcrunch,1515813485000,classified,5a4468486f7af13a5a457c6d,IAB19-74,Apple,5a42ed6e527d3d240b8140e4,IAB19,Technology,technology,apple,Apple says iCloud China data migration notice sent to some users in error,All,http://feedproxy.google.com/~r/Techcrunch/~3/H_GjMXT-TVs/
5a5a0747670c7645a286cd54,Mallory Locklear,"[ ""Technology"", ""Gaming"" ]","av, easports, emls, entertainment, esports, fifa18, fifa18globalseries, fifaeworldcup, football, gaming, majorleaguesoccer, paxeast, soccer",5a42ed6e527d3d240b8140e4,IAB19,Technology,technology,Engadget,1515830220000,classified,5a4468486f7af13a5a457c67,IAB19-68,Gaming,5a42ed6e527d3d240b8140e4,IAB19,Technology,technology,gaming,Major League Soccer is creating its own FIFA eSports league,Technology,https://www.engadget.com/2018/01/13/major-league-soccer-fifa-esports-league/
5a5a0747670c7645a286cd55,Mariella Moon,"[ ""Technology"", ""Mobile"" ]","gear, mobile, google play, porn ads",5a42ed6e527d3d240b8140e4,IAB19,Technology,technology,Engadget,1515834180000,classified,5a4468486f7af13a5a457c60,IAB19-67,Mobile,5a42ed6e527d3d240b8140e4,IAB19,Technology,technology,mobile,63 games and apps on Google Play served porn ads,Technology,https://www.engadget.com/2018/01/13/adultswine-porn-ads-on-apps/
5a5a0747670c7645a286cd56,Mallory Locklear,"[ ""News"", ""US News"" ]","amazon, daca, donaldtrump, donation, dreamers, facebook, gear, google, jeffbezos, politics, scholarship, services, thedream.us",5a42ed6e527d3d240b8140ea,IAB12,News,news,Engadget,1515819420000,classified,5a44d8eb527d3d3ad9df95ba,IAB12-2,US News,5a42ed6e527d3d240b8140ea,IAB12,News,news,us_news,Bezos family donates $33 million to Dreamers scholarship program,Technology,https://www.engadget.com/2018/01/12/bezos-donates-33-million-dreamers-scholarship/
5a5a0747670c7645a286cd57,Swapna Krishna,"[ ""Technology"", ""AeroSpace"" ]","4k, carbonite-2, earth-i, gaming, gear, satellite, space, tomorrow, vivid-i",5a42ed6e527d3d240b8140e4,IAB19,Technology,technology,Engadget,1515837660000,classified,5a4b51510978e16b1b883bb4,IAB19-86,AeroSpace,5a42ed6e527d3d240b8140e4,IAB19,Technology,technology,aerospace,Prototype satellite makes way for 4K 'Earth observation',Technology,https://www.engadget.com/2018/01/13/prototype-satellite-earth-observation-full-color-motion-video/
5a5a0747670c7645a286cd58,David Lumb,"[ ""Technology"", ""Crypto Currencies"" ]","bitcoin, cryptocurrency, food, friedchicken, kfc, services",5a42ed6e527d3d240b8140e4,IAB19,Technology,technology,Engadget,1515843360000,classified,5a446c8c3139fa3abfb1ac81,IAB19-83,Crypto Currencies,5a42ed6e527d3d240b8140e4,IAB19,Technology,technology,crypto_currencies,Bitcoin was briefly legal tender at KFC Canada,Technology,https://www.engadget.com/2018/01/13/bitcoin-was-briefly-legal-tender-at-kfc-canada/
5a5df78e670c7645a286d25b,Zeynep Tufekci,"[ ""Business"", ""Technology"" ]","free speech, censorship, media, social media",5a42ed6e527d3d240b8140d4,IAB3,Business,business,wired,1516100400000,classified,5a4468486f7af13a5a457c61,IAB3-13,Technology,5a42ed6e527d3d240b8140d4,IAB3,Business,business,technology,It's the (Democracy-Poisoning) Golden Age of Free Speech,Business,https://www.wired.com/story/free-speech-issue-tech-turmoil-new-censorship
5a5df78e670c7645a286d25f,Steven Johnson,"[ ""Business"", ""Technology"" ]","free speech, CloudFlare, internet, Nazis",5a42ed6e527d3d240b8140d4,IAB3,Business,business,wired,1516100400000,classified,5a4468486f7af13a5a457c61,IAB3-13,Technology,5a42ed6e527d3d240b8140d4,IAB3,Business,business,technology,Why Cloudflare Let an Extremist Stronghold Burn,Business,https://www.wired.com/story/free-speech-issue-cloudflare
5a5df78e670c7645a286d260,Alice Gregory,"[ ""Business"", ""Technology"" ]","free speech, smartphones, startups, psychology, Yondr",5a42ed6e527d3d240b8140d4,IAB3,Business,business,wired,1516100400000,classified,5a4468486f7af13a5a457c61,IAB3-13,Technology,5a42ed6e527d3d240b8140d4,IAB3,Business,business,technology,Yondr Wants to Neutralize Your Phone‰ÛÓand Un-change the World,Business,https://www.wired.com/story/free-speech-issue-yondr-smartphones
5a5df78e670c7645a286d262,Mark Harris,"[ ""Business"", ""Technology"" ]","Self-Driving Cars, Google, Uber, Anthony Levandowski",5a42ed6e527d3d240b8140d4,IAB3,Business,business,wired,1516104000000,classified,5a4468486f7af13a5a457c61,IAB3-13,Technology,5a42ed6e527d3d240b8140d4,IAB3,Business,business,technology,"Ex-Uber Engineer Accused of Spying on Tesla, Stealing Trade Secrets",Business,https://www.wired.com/story/anthony-levandowski-faces-new-claims-of-stealing-trade-secrets
5a5df8f5670c7645a286d2a0,Natasha Lomas,"[ ""Technology"", ""Internet Technology"" ]","Apps, Asia, Social, TC, social media, WhatsApp, spam, fake news, disinformation",5a42ed6e527d3d240b8140e4,IAB19,Technology,technology,techcrunch,1516104717000,classified,5a4468486f7af13a5a457c2f,IAB19-18,Internet Technology,5a42ed6e527d3d240b8140e4,IAB19,Technology,technology,Internet_Technology,WhatsApp reportedly testing anti-chain letter spam warning,All,http://feedproxy.google.com/~r/Techcrunch/~3/yr9MSpU1OnE/
5a5dfb8a670c7645a286d309,Nicole Lee,"[ ""Technology"", ""Gadgets"" ]","av, business, ces, ces2018, facebook, gadgetry, gadgets, gear, hugobarra, oculus, personal computing, personalcomputing",5a42ed6e527d3d240b8140e4,IAB19,Technology,technology,Engadget,1516104000000,classified,5a4470ab527d3d3ad9df9553,IAB19-84,Gadgets,5a42ed6e527d3d240b8140e4,IAB19,Technology,technology,gadgets,Facebook's Hugo Barra says standalone headsets are key to social VR,Technology,https://www.engadget.com/2018/01/16/facebook-hugo-barra-standalone-vr/
5a5f490f670c7645a286d447,Jon Russell,"[ ""Business"", ""Technology"" ]","Apps, Asia, Collaborative Consumption, didi, ofo, mobike, bluegogo, bike sharing",5a42ed6e527d3d240b8140d4,IAB3,Business,business,techcrunch,1516188277000,classified,5a4468486f7af13a5a457c61,IAB3-13,Technology,5a42ed6e527d3d240b8140d4,IAB3,Business,business,technology,Didi has a brilliant plan to contain the threat of China's bike-sharing services,All,http://feedproxy.google.com/~r/Techcrunch/~3/DpJ3VQOykyU/
5a5f490f670c7645a286d448,Ron Miller,"[ ""Business"", ""VC Funding"" ]","Enterprise, Fundings & Exits, Security, TC, anomali, ThreatStream, threat detection",5a42ed6e527d3d240b8140d4,IAB3,Business,business,techcrunch,1516191802000,classified,5a608886562365630d3df864,IAB3-19,VC Funding,5a42ed6e527d3d240b8140d4,IAB3,Business,business,vc_funding,Anomali secures $40 million Series D led by Lumia Capital to scale threat detection solution,All,http://feedproxy.google.com/~r/Techcrunch/~3/R9YUD4k8NTA/
5a5f490f670c7645a286d449,Jon Russell,"[ ""Technology"", ""Google"" ]","Asia, Google, shenzhen, China",5a42ed6e527d3d240b8140e4,IAB19,Technology,technology,techcrunch,1516154080000,classified,5a4468486f7af13a5a457c6c,IAB19-73,Google,5a42ed6e527d3d240b8140e4,IAB19,Technology,technology,google,Google moves into Shenzhen in latest China expansion,All,http://feedproxy.google.com/~r/Techcrunch/~3/m30VBDWZrHM/
5a5f490f670c7645a286d44a,Ingrid Lunden,"[ ""Business"", ""VC Funding"" ]","Apps, Artificial Intelligence, Asia, Fundings & Exits, Media, TC, wattpad, reading, storytelling, literature, crowdsourced",5a42ed6e527d3d240b8140d4,IAB3,Business,business,techcrunch,1516188699000,classified,5a608886562365630d3df864,IAB3-19,VC Funding,5a42ed6e527d3d240b8140d4,IAB3,Business,business,vc_funding,Storytelling app Wattpad raises $51M at a $398M valuation,All,http://feedproxy.google.com/~r/Techcrunch/~3/8wDKzYtlAVY/
5a5f490f670c7645a286d44b,Fitz Tepper,"[ ""Technology"", ""Crypto Currencies"" ]","Cryptocurrency, Techcrunch, scam, ponzi, bitconnect, crypto",5a42ed6e527d3d240b8140e4,IAB19,Technology,technology,techcrunch,1516154306000,classified,5a446c8c3139fa3abfb1ac81,IAB19-83,Crypto Currencies,5a42ed6e527d3d240b8140e4,IAB19,Technology,technology,crypto_currencies,"Bitconnect, which has been accused of running a Ponzi scheme, shuts down",All,http://feedproxy.google.com/~r/Techcrunch/~3/e3pQmFZ2iig/
5a5f490f670c7645a286d44e,Jon Russell,"[ ""Business"", ""Acquisition"" ]","Asia, Collaborative Consumption, Fundings & Exits, grab, Singapore, Southeast Asia",5a42ed6e527d3d240b8140d4,IAB3,Business,business,techcrunch,1516183265000,classified,5a4468486f7af13a5a457c62,IAB3-14,Acquisition,5a42ed6e527d3d240b8140d4,IAB3,Business,business,acquisition,Uber rival Grab acquires Indian startup to bulk up its mobile payment platform,All,http://feedproxy.google.com/~r/Techcrunch/~3/K8eyLI9yMDs/
5a5f494b670c7645a286d44f,Megan Rose Dickey,"[ ""Business"", ""Technology"" ]","Lawsuit, Media, TC, leo laporte, twit, Twitter",5a42ed6e527d3d240b8140d4,IAB3,Business,business,techcrunch,1516150377000,classified,5a4468486f7af13a5a457c61,IAB3-13,Technology,5a42ed6e527d3d240b8140d4,IAB3,Business,business,technology,"TWiT is suing Twitter, alleging breach of contract and copyright infringement",All,http://feedproxy.google.com/~r/Techcrunch/~3/Z-eXBmkI_kM/
5a5f494b670c7645a286d451,Taylor Hatmaker,"[ ""News"", ""US News"" ]","Government, Privacy, TC, U.S. Senate, senate, Congress, Section 702, mass surveillance, NSA",5a42ed6e527d3d240b8140ea,IAB12,News,news,techcrunch,1516147799000,classified,5a44d8eb527d3d3ad9df95ba,IAB12-2,US News,5a42ed6e527d3d240b8140ea,IAB12,News,news,us_news,"In a close vote, the Senate ends debate on warrantless surveillance of U.S. citizens",All,http://feedproxy.google.com/~r/Techcrunch/~3/8yRFHgOUm9M/
5a5f494b670c7645a286d452,Steve O'Hear,"[ ""Business"", ""Startup"" ]","Apps, Europe, Startups, techcrunch, curve, fintech",5a42ed6e527d3d240b8140d4,IAB3,Business,business,techcrunch,1516147252000,classified,5a4db5ab9081ed0ff24b08d1,IAB3-19,Startup,5a42ed6e527d3d240b8140d4,IAB3,Business,business,startup,"Curve, the fintech that connects all your cards to a single card and app, gets full consumer launch",All,http://feedproxy.google.com/~r/Techcrunch/~3/6_HKyjtXlP0/
5a5f494b670c7645a286d458,Alex Wilhelm,"[ ""Business"", ""Technology"" ]","Column, Fundings & Exits, TC, initial public offering, Spotify, Lyft, IPO",5a42ed6e527d3d240b8140d4,IAB3,Business,business,techcrunch,1516145877000,classified,5a4468486f7af13a5a457c61,IAB3-13,Technology,5a42ed6e527d3d240b8140d4,IAB3,Business,business,technology,2018 could bring the IPOs that tech has been promised for years,All,http://feedproxy.google.com/~r/Techcrunch/~3/FdrXkvo2AFg/
5a5f4aef670c7645a286d498,Jamie Rigg,"[ ""Technology"", ""Mobile"" ]","apple, australia, beta, gear, internet, ios, ipad, iphone, mobile, news, personal computing, personalcomputing, podcast, podcasts, siri",5a42ed6e527d3d240b8140e4,IAB19,Technology,technology,Engadget,1516190820000,classified,5a4468486f7af13a5a457c60,IAB19-67,Mobile,5a42ed6e527d3d240b8140e4,IAB19,Technology,technology,mobile,Siri's news bulletin feature goes live in the UK and Australia,Technology,https://www.engadget.com/2018/01/17/siri-news-bulletin-feature/
5a5f4aef670c7645a286d499,Nick Summers,"[ ""Technology"", ""Transportation"" ]","electrictaxi, electricvehicle, ev, levc, london, londonelectricvehiclecompany, taxi, tomorrow, transportation",5a42ed6e527d3d240b8140e4,IAB19,Technology,technology,Engadget,1516181100000,classified,5a4e2b9c8744ee7d5b5b6fa3,IAB19-87,Transportation,5a42ed6e527d3d240b8140e4,IAB19,Technology,technology,transportation,London's new electric taxis scuppered by faulty sensor,Technology,https://www.engadget.com/2018/01/17/london-tx-electric-taxi-meter-problem/
5a5f4aef670c7645a286d49c,Mariella Moon,"[ ""Business"", ""Mobile"" ]","galaxynote8, gear, limitededition, mobile, pyeongchang, samsung, winterolympics2018",5a42ed6e527d3d240b8140d4,IAB3,Business,business,Engadget,1516159980000,classified,5a609216562365630d3df865,IAB3-21,Mobile,5a42ed6e527d3d240b8140d4,IAB3,Business,business,mobile,Samsung designed a 2018 Winter Olympics edition Galaxy Note 8,Technology,https://www.engadget.com/2018/01/16/samsung-designed-a-2018-winter-olympics-edition-galaxy-note-8/
5a5f4b2b670c7645a286d49f,Jon Fingas,"[ ""Business"", ""Technology"" ]","card, credit, curve, debit, gear, internet, mobile, payment, payments, shopping, uk",5a42ed6e527d3d240b8140d4,IAB3,Business,business,Engadget,1516147260000,classified,5a4468486f7af13a5a457c61,IAB3-13,Technology,5a42ed6e527d3d240b8140d4,IAB3,Business,business,technology,Curve's payment-switching smart card goes live in the UK,Technology,https://www.engadget.com/2018/01/16/curve-payment-card-launches/
5a5f4b2b670c7645a286d4a4,Jon Fingas,"[ ""Business"", ""Mobile"" ]","5g, android, gear, leak, lenovo, mobile, moto, motog6, motog6play, motog6plus, motomods, motorola, motox5, motoz3, motoz3play, smartphone",5a42ed6e527d3d240b8140d4,IAB3,Business,business,Engadget,1516148280000,classified,5a609216562365630d3df865,IAB3-21,Mobile,5a42ed6e527d3d240b8140d4,IAB3,Business,business,mobile,Motorola's 2018 lineup may include an iPhone X lookalike,Technology,https://www.engadget.com/2018/01/16/motorola-2018-device-rumor/
5a5f4b2b670c7645a286d4a8,Mariella Moon,"[ ""Technology"", ""Internet Technology"" ]","entertainment, google, googlepreferred, internet, partnerprogram, youtube",5a42ed6e527d3d240b8140e4,IAB19,Technology,technology,Engadget,1516152240000,classified,5a4468486f7af13a5a457c2f,IAB19-18,Internet Technology,5a42ed6e527d3d240b8140e4,IAB19,Technology,technology,Internet_Technology,YouTube implements stricter requirements for partners,Technology,https://www.engadget.com/2018/01/16/youtube-stricter-partners-program-requirements/
5a5f4c58670c7645a286d4d3,Dan Goodin,"[ ""Technology"", ""Security"" ]","Biz & IT, chrome, extensions, google, malicious",5a42ed6e527d3d240b8140e4,IAB19,Technology,technology,ARS Technica,1516151538000,classified,5a4468486f7af13a5a457c5c,IAB19-64,Security,5a42ed6e527d3d240b8140e4,IAB19,Technology,technology,security,"Google Chrome extensions with 500,000 downloads found to be malicious",Technology,https://arstechnica.com/?p=1245379
5a5f4d84670c7645a286d504,,"[ ""Religion & Spirituality"", ""Christianity"" ]","U.S. News, Gay Life, Executive Management Career Changes, church of jesus christ of latter day saints, Church of Jesus Christ, Thomas S. Monson, Dallin H. Oaks, Quorum of the Twelve, First Presidency",5a42ed6e527d3d240b8140e9,IAB23,Religion & Spirituality,religion_spirituality,Huffington Post,1516148289000,classified,5a4468486f7af13a5a457c56,IAB23-5,Christianity,5a42ed6e527d3d240b8140e9,IAB23,Religion & Spirituality,religion_spirituality,Christianity,Mormon Church Confirms New Leader In Live Broadcast,Religion & Spirituality,https://www.huffingtonpost.com/entry/mormon-church-confirms-new-leader-in-live-broadcast_us_5a5e6184e4b096ecfca84b96?section=us_religion
5a609c31670c7645a286d68a,Ingrid Lunden,"[ ""Technology"", ""Publishing"" ]","Media, Techcrunch, HuffPost, Oath, paid content, Publishing",5a42ed6e527d3d240b8140e4,IAB19,Technology,technology,techcrunch,1516279462000,classified,5a61d4f566a0660406e8be62,IAB19-88,Publishing,5a42ed6e527d3d240b8140e4,IAB19,Technology,technology,publishing,"Farewell, unpaid blogger: HuffPost drops free contributor platform that drove its growth",All,http://feedproxy.google.com/~r/Techcrunch/~3/aXH_EPB915Y/
5a609c6e670c7645a286d693,Katie Roof,"[ ""Business"", ""VC Funding"" ]","Apps, eCommerce, apartment list, venture capital, Canaan Partners",5a42ed6e527d3d240b8140d4,IAB3,Business,business,techcrunch,1516278624000,classified,5a608886562365630d3df864,IAB3-20,VC Funding,5a42ed6e527d3d240b8140d4,IAB3,Business,business,vc_funding,Apartment List raises $50 million for home rentals,All,http://feedproxy.google.com/~r/Techcrunch/~3/FVjW3AQV9sw/
5a609c6e670c7645a286d695,Jon Russell,"[ ""Technology"", ""Apple"" ]","Apps, Facebook, Messenger",5a42ed6e527d3d240b8140e4,IAB19,Technology,technology,techcrunch,1516264755000,classified,5a4468486f7af13a5a457c6d,IAB19-74,Apple,5a42ed6e527d3d240b8140e4,IAB19,Technology,technology,apple,A bug is messing up the keyboard for some Messenger users on iPhones,All,http://feedproxy.google.com/~r/Techcrunch/~3/Dcz6WTxnZlw/
5a609c6e670c7645a286d69a,Jon Russell,"[ ""Business"", ""VC Funding"" ]","Asia, eCommerce, Fundings & Exits, vietnam, JD.com, China",5a42ed6e527d3d240b8140d4,IAB3,Business,business,techcrunch,1516273412000,classified,5a608886562365630d3df864,IAB3-20,VC Funding,5a42ed6e527d3d240b8140d4,IAB3,Business,business,vc_funding,JD.com leads investment in Vietnam-based e-commerce service Tiki,All,http://feedproxy.google.com/~r/Techcrunch/~3/Px2J4gVmD7Q/
5a609d21670c7645a286d6b3,Bloomberg,"[ ""Business"", ""Technology"" ]","Finance, Tech, The Ledger, ‰Û»‰Û»Bitcoin‰ÛÂ, ‰Û»Cryptocurrency‰ÛÂ, bitcoin price, Bloomberg, OneTime, Ripple",5a42ed6e527d3d240b8140d4,IAB3,Business,business,Fortune,1516279518000,classified,5a4468486f7af13a5a457c61,IAB3-13,Technology,5a42ed6e527d3d240b8140d4,IAB3,Business,business,technology,"Bitcoin Roller-Coasters Back Above $11,000 After a Frantic 24 Hours",Business,http://fortune.com/2018/01/18/bitcoin-rollercoasters-above-11000/
5a609d5d670c7645a286d6bb,Polina Marinova,"[ ""Business"", ""VC Funding"" ]","Careers, Health, Leadership, Tech, Venture, 23andMe, 5 Qs, 5 Qs With a Dealmaker, life sciences, Term Sheet",5a42ed6e527d3d240b8140d4,IAB3,Business,business,Fortune,1516277578000,classified,5a608886562365630d3df864,IAB3-20,VC Funding,5a42ed6e527d3d240b8140d4,IAB3,Business,business,vc_funding,GV's Life Sciences Investor Says The Way We Fund Science ‰Û÷Is Just Completely Crazy',Business,http://fortune.com/2018/01/18/gv-google-ventures-krishna-yeshwant/
5a609d5d670c7645a286d6bc,David Meyer,"[ ""Technology"", ""Internet Technology"" ]","Tech, Apple, gentrification, Google, OneTime, Silicon Valley",5a42ed6e527d3d240b8140e4,IAB19,Technology,technology,Fortune,1516277492000,classified,5a4468486f7af13a5a457c2f,IAB19-18,Internet Technology,5a42ed6e527d3d240b8140e4,IAB19,Technology,technology,Internet_Technology,Apple and Google Are Rerouting Their Employee Buses as Attacks Resume,Business,http://fortune.com/2018/01/18/apple-google-bus-attacks/
5a609d5d670c7645a286d6bd,Natasha Bach,"[ ""News"", ""US News"" ]","Briefing, International, Leadership, dhs, Haiti, Immigration, OneTime, trump administration on immigration",5a42ed6e527d3d240b8140ea,IAB12,News,news,Fortune,1516277146000,classified,5a44d8eb527d3d3ad9df95ba,IAB12-2,US News,5a42ed6e527d3d240b8140ea,IAB12,News,news,us_news,The Trump Administration Just Blocked Haitians From Applying for Temporary Work Visas,Business,http://fortune.com/2018/01/18/dhs-blocks-haitians-from-temporary-visas/
5a609d9a670c7645a286d6c9,Bloomberg,"[ ""Business"", ""Retail"" ]","Retail, big chocolate, Bloomberg, chocolate, Food, food innovation, OneTime",5a42ed6e527d3d240b8140d4,IAB3,Business,business,Fortune,1516274053000,classified,5a61e2f966a0660406e8be63,IAB3-22,Retail,5a42ed6e527d3d240b8140d4,IAB3,Business,business,retail,Nestle Is Launching New KitKats and They're Made From Natural Ruby Chocolate,Business,http://fortune.com/2018/01/18/nestle-debut-natural-ruby-chocolate-kitkats/
5a609d9a670c7645a286d6cb,Natasha Bach,"[ ""Business"", ""Retail"" ]","Retail, Diversity, Hennes & Mauritz",5a42ed6e527d3d240b8140d4,IAB3,Business,business,Fortune,1516270469000,classified,5a61e2f966a0660406e8be63,IAB3-22,Retail,5a42ed6e527d3d240b8140d4,IAB3,Business,business,retail,H&M Has Hired a Diversity Manager Following Its ‰Û÷Racist' Monkey Hoodie Scandal,Business,http://fortune.com/2018/01/18/hm-hoodie-racist-monkey-diversity-hire/
5a609d9a670c7645a286d6cc,Reuters,"[ ""News"", ""International News"" ]","Finance, China, China Economy",5a42ed6e527d3d240b8140ea,IAB12,News,news,Fortune,1516266144000,classified,5a4b39850978e16b1b883b97,IAB12-9,International News,5a42ed6e527d3d240b8140ea,IAB12,News,news,international_news,China's Economic Growth Last Year Was Even Better Than Expected,Business,http://fortune.com/2018/01/18/china-economy-growth-rate-2017-q4/
5a609f3e670c7645a286d710,Matt Brian,"[ ""Technology"", ""Amazon"" ]","amazon, amazonstudios, av, entertainment, film, movie, sundance",5a42ed6e527d3d240b8140e4,IAB19,Technology,technology,Engadget,1516269900000,classified,5a4468486f7af13a5a457c70,IAB19-77,Amazon,5a42ed6e527d3d240b8140e4,IAB19,Technology,technology,amazon,Amazon will focus on 'bigger' movies to lure people to Prime,Technology,https://www.engadget.com/2018/01/18/amazon-studios-big-budget-films-prime/
5a609f3e670c7645a286d713,Nick Summers,"[ ""Technology"", ""Gaming"" ]","controller, gadgetry, gadgets, gamecontroller, gaming, gear, hori, onyx, playstation4, ps4",5a42ed6e527d3d240b8140e4,IAB19,Technology,technology,Engadget,1516276920000,classified,5a4468486f7af13a5a457c67,IAB19-68,Gaming,5a42ed6e527d3d240b8140e4,IAB19,Technology,technology,gaming,Hori's Onyx is a wireless alternative to the PS4 DualShock,Technology,https://www.engadget.com/2018/01/18/hori-onyx-wireless-controller-playstation-4/